Competition.assay,Evolution.environment,Population.size,Evolved.strain.ID,Evolved.strain.mating.type,Evolved.strain.ade6.marker,Evolved.strain.genotype,Ancestor.genotype,Ancestor.mating.type,Ancestor.ade6.marker,Competition.replicate,Round,Picture.ID.initial,Evolved.strain.initial.CFU,Ancestor.initial.CFU,Competition.environment,Picture.ID.final,Evolved.strain.final.CFU,Ancestor.final.CFU
1,Extreme,24,2A,h+,M216,h+/M216,h+/M210,h+,M210,1,5.2,3441,162,128,Extreme,3511,338,55
2,Extreme,24,2A,h+,M216,h+/M216,h+/M210,h+,M210,2,5.2,3441,162,128,Extreme,3512,260,56
3,Extreme,24,2A,h+,M216,h+/M216,h+/M210,h+,M210,3,5.2,3441,162,128,Extreme,3525,315,65
4,Extreme,24,2B,h-,M216,h-/M216,h-/M210,h-,M210,1,6.4,4140,9,80,Extreme,4282,106,87
5,Extreme,24,2B,h-,M216,h-/M216,h-/M210,h-,M210,2,6.4,4140,9,80,Extreme,4283,99,23
6,Extreme,24,2B,h-,M216,h-/M216,h-/M210,h-,M210,3,6.4,4140,9,80,Extreme,4284,186,96
7,Extreme,24,2C,h-,M216,h-/M216,h-/M210,h-,M210,1,5.2,3443,98,84,Extreme,3519,318,37
8,Extreme,24,2C,h-,M216,h-/M216,h-/M210,h-,M210,2,5.2,3443,98,84,Extreme,3528,262,31
9,Extreme,24,2C,h-,M216,h-/M216,h-/M210,h-,M210,3,5.2,3443,98,84,Extreme,3544,296,10
10,Extreme,24,2D,h-,M210,h-/M210,h-/M216,h-,M216,1,5.2,3444,131,86,Extreme,3515,116,79
11,Extreme,24,2D,h-,M210,h-/M210,h-/M216,h-,M216,2,5.2,3444,131,86,Extreme,3521,151,87
12,Extreme,24,2D,h-,M210,h-/M210,h-/M216,h-,M216,3,5.2,3444,131,86,Extreme,3547,43,59
13,Extreme,24,3A,h-,M216,h-/M216,h-/M210,h-,M210,1,5.2,3445,98,81,Extreme,3522,253,129
14,Extreme,24,3A,h-,M216,h-/M216,h-/M210,h-,M210,2,5.2,3445,98,81,Extreme,3532,155,14
15,Extreme,24,3A,h-,M216,h-/M216,h-/M210,h-,M210,3,5.2,3445,98,81,Extreme,3539,353,49
16,Extreme,24,3B,h+,M210,h+/M210,h+/M216,h+,M216,1,5.2,3446,77,95,Extreme,3526,63,16
17,Extreme,24,3B,h+,M210,h+/M210,h+/M216,h+,M216,2,5.2,3446,77,95,Extreme,3529,133,36
18,Extreme,24,3B,h+,M210,h+/M210,h+/M216,h+,M216,3,5.2,3446,77,95,Extreme,3551,227,33
19,Extreme,24,3D,h+,M210,h+/M210,h+/M216,h+,M216,1,5.2,3447,74,91,Extreme,3509,73,30
20,Extreme,24,3D,h+,M210,h+/M210,h+/M216,h+,M216,2,5.2,3447,74,91,Extreme,3524,134,38
21,Extreme,24,3D,h+,M210,h+/M210,h+/M216,h+,M216,3,5.2,3447,74,91,Extreme,3548,184,14
22,Extreme,24,4A,h+,M216,h+/M216,h+/M210,h+,M210,1,5.2,3448,145,118,Extreme,3520,78,46
23,Extreme,24,4A,h+,M216,h+/M216,h+/M210,h+,M210,2,5.2,3448,145,118,Extreme,3536,217,57
24,Extreme,24,4A,h+,M216,h+/M216,h+/M210,h+,M210,3,5.2,3448,145,118,Extreme,3542,146,52
25,Extreme,24,4C,h+,M216,h+/M216,h+/M210,h+,M210,1,5.2,3449,119,111,Extreme,3508,88,33
26,Extreme,24,4C,h+,M216,h+/M216,h+/M210,h+,M210,2,5.2,3449,119,111,Extreme,3510,102,42
27,Extreme,24,4C,h+,M216,h+/M216,h+/M210,h+,M210,3,5.2,3449,119,111,Extreme,3534,129,31
28,Extreme,24,4D,h+,M210,h+/M210,h+/M216,h+,M216,1,5.2,3450,56,107,Extreme,3505,183,103
29,Extreme,24,4D,h+,M210,h+/M210,h+/M216,h+,M216,2,5.2,3450,56,107,Extreme,3518,234,56
30,Extreme,24,4D,h+,M210,h+/M210,h+/M216,h+,M216,3,5.2,3450,56,107,Extreme,3527,28,68
31,Extreme,24,5A,h+,M210,h+/M210,h+/M216,h+,M216,1,5.2,3451,81,121,Extreme,3513,21,108
32,Extreme,24,5A,h+,M210,h+/M210,h+/M216,h+,M216,2,5.2,3451,81,121,Extreme,3514,157,270
33,Extreme,24,5A,h+,M210,h+/M210,h+/M216,h+,M216,3,5.2,3451,81,121,Extreme,3546,97,241
34,Extreme,24,5B,h-,M216,h-/M216,h-/M210,h-,M210,1,5.2,3452,122,66,Extreme,3516,141,21
35,Extreme,24,5B,h-,M216,h-/M216,h-/M210,h-,M210,2,5.2,3452,122,66,Extreme,3545,87,16
36,Extreme,24,5B,h-,M216,h-/M216,h-/M210,h-,M210,3,5.2,3452,122,66,Extreme,3552,171,79
37,Extreme,24,5C,h+,M216,h+/M216,h+/M210,h+,M210,1,5.2,3453,63,109,Extreme,3523,49,41
38,Extreme,24,5C,h+,M216,h+/M216,h+/M210,h+,M210,2,5.2,3453,63,109,Extreme,3531,68,29
39,Extreme,24,5C,h+,M216,h+/M216,h+/M210,h+,M210,3,5.2,3453,63,109,Extreme,3535,79,49
40,Extreme,24,5D,h-,M210,h-/M210,h-/M216,h-,M216,1,5.2,3454,165,71,Extreme,3530,102,23
41,Extreme,24,5D,h-,M210,h-/M210,h-/M216,h-,M216,2,5.2,3454,165,71,Extreme,3537,266,39
42,Extreme,24,5D,h-,M210,h-/M210,h-/M216,h-,M216,3,5.2,3454,165,71,Extreme,3541,329,145
43,Extreme,24,6B,h-,M210,h-/M210,h-/M216,h-,M216,1,5.2,3455,154,92,Extreme,3517,135,43
44,Extreme,24,6B,h-,M210,h-/M210,h-/M216,h-,M216,2,5.2,3455,154,92,Extreme,3549,214,130
45,Extreme,24,6B,h-,M210,h-/M210,h-/M216,h-,M216,3,5.2,3455,154,92,Extreme,3550,109,42
46,Extreme,24,6C,h-,M210,h-/M210,h-/M216,h-,M216,1,5.2,3456,92,79,Extreme,3506,48,86
47,Extreme,24,6C,h-,M210,h-/M210,h-/M216,h-,M216,2,5.2,3456,92,79,Extreme,3540,73,46
48,Extreme,24,6C,h-,M210,h-/M210,h-/M216,h-,M216,3,5.2,3456,92,79,Extreme,3543,423,99
49,Extreme,96,3B,h-,M216,h-/M216,h-/M210,h-,M210,1,5.1,3336,279,192,Extreme,3427,334,42
50,Extreme,96,3B,h-,M216,h-/M216,h-/M210,h-,M210,2,5.1,3336,279,192,Extreme,3430,266,26
51,Extreme,96,3B,h-,M216,h-/M216,h-/M210,h-,M210,3,5.1,3336,279,192,Extreme,3438,299,71
52,Extreme,96,3C,h-,M216,h-/M216,h-/M210,h-,M210,1,5.1,3337,288,246,Extreme,3425,468,177
53,Extreme,96,3C,h-,M216,h-/M216,h-/M210,h-,M210,2,5.1,3337,288,246,Extreme,3410,132,16
54,Extreme,96,3C,h-,M216,h-/M216,h-/M210,h-,M210,3,5.1,3337,288,246,Extreme,3432,287,113
55,Extreme,96,3D,h+,M210,h+/M210,h+/M216,h+,M216,1,5.1,3338,323,330,Extreme,3415,213,117
56,Extreme,96,3D,h+,M210,h+/M210,h+/M216,h+,M216,2,5.1,3338,323,330,Extreme,3416,193,96
57,Extreme,96,3D,h+,M210,h+/M210,h+/M216,h+,M216,3,5.1,3338,323,330,Extreme,3412,225,141
58,Extreme,96,3F,h+,M216,h+/M216,h+/M210,h+,M210,1,5.1,3339,360,11,Extreme,3409,86,0
59,Extreme,96,3F,h+,M216,h+/M216,h+/M210,h+,M210,2,5.1,3339,360,11,Extreme,3411,240,0
60,Extreme,96,3F,h+,M216,h+/M216,h+/M210,h+,M210,3,5.1,3339,360,11,Extreme,3421,670,2
61,Extreme,96,3G,h+,M216,h+/M216,h+/M210,h+,M210,1,6.4,4131,15,187,Extreme,4274,59,313
62,Extreme,96,3G,h+,M216,h+/M216,h+/M210,h+,M210,2,6.4,4131,15,187,Extreme,4279,57,538
63,Extreme,96,3G,h+,M216,h+/M216,h+/M210,h+,M210,3,6.4,4131,15,187,Extreme,4280,40,207
64,Extreme,96,4D,h-,M210,h-/M210,h-/M216,h-,M216,1,5.1,3341,179,281,Extreme,3406,134,125
65,Extreme,96,4D,h-,M210,h-/M210,h-/M216,h-,M216,2,5.1,3341,179,281,Extreme,3414,102,61
66,Extreme,96,4D,h-,M210,h-/M210,h-/M216,h-,M216,3,5.1,3341,179,281,Extreme,3440,201,65
67,Extreme,96,4E,h-,M210,h-/M210,h-/M216,h-,M216,1,5.1,3342,212,274,Extreme,3413,117,97
68,Extreme,96,4E,h-,M210,h-/M210,h-/M216,h-,M216,2,5.1,3342,212,274,Extreme,3424,105,84
69,Extreme,96,4E,h-,M210,h-/M210,h-/M216,h-,M216,3,5.1,3342,212,274,Extreme,3434,247,309
70,Extreme,96,4G,h+,M210,h+/M210,h+/M216,h+,M216,1,5.1,3343,321,364,Extreme,3417,86,114
71,Extreme,96,4G,h+,M210,h+/M210,h+/M216,h+,M216,2,5.1,3343,321,364,Extreme,3437,312,116
72,Extreme,96,4G,h+,M210,h+/M210,h+/M216,h+,M216,3,5.1,3343,321,364,Extreme,3420,225,171
73,Extreme,96,5C,h+,M210,h+/M210,h+/M216,h+,M216,1,5.1,3344,254,296,Extreme,3407,326,173
74,Extreme,96,5C,h+,M210,h+/M210,h+/M216,h+,M216,2,5.1,3344,254,296,Extreme,3439,410,163
75,Extreme,96,5C,h+,M210,h+/M210,h+/M216,h+,M216,3,5.1,3344,254,296,Extreme,3428,336,52
76,Extreme,96,5D,h+,M216,h+/M216,h+/M210,h+,M210,1,5.1,3345,262,19,Extreme,3418,218,13
77,Extreme,96,5D,h+,M216,h+/M216,h+/M210,h+,M210,2,5.1,3345,262,19,Extreme,3422,252,42
78,Extreme,96,5D,h+,M216,h+/M216,h+/M210,h+,M210,3,5.1,3345,262,19,Extreme,3408,313,18
79,Extreme,96,5E,h-,M216,h-/M216,h-/M210,h-,M210,1,5.1,3346,277,240,Extreme,3431,215,106
80,Extreme,96,5E,h-,M216,h-/M216,h-/M210,h-,M210,2,5.1,3346,277,240,Extreme,3426,182,70
81,Extreme,96,5E,h-,M216,h-/M216,h-/M210,h-,M210,3,5.1,3346,277,240,Extreme,3402,206,134
82,Extreme,96,5F,h+,M210,h+/M210,h+/M216,h+,M216,1,5.1,3347,243,286,Extreme,3435,355,235
83,Extreme,96,5F,h+,M210,h+/M210,h+/M216,h+,M216,2,5.1,3347,243,286,Extreme,3436,227,204
84,Extreme,96,5F,h+,M210,h+/M210,h+/M216,h+,M216,3,5.1,3347,243,286,Extreme,3405,260,296
85,Extreme,96,5G,h-,M210,h-/M210,h-/M216,h-,M216,1,5.1,3348,139,290,Extreme,3429,489,249
86,Extreme,96,5G,h-,M210,h-/M210,h-/M216,h-,M216,2,5.1,3348,139,290,Extreme,3423,326,180
87,Extreme,96,5G,h-,M210,h-/M210,h-/M216,h-,M216,3,5.1,3348,139,290,Extreme,3404,193,183
88,Extreme,24,2A,h+,M216,h+/M216,h+/M210,h+,M210,1,5.2,3441,162,128,Mean,3484,145,104
89,Extreme,24,2A,h+,M216,h+/M216,h+/M210,h+,M210,2,5.2,3441,162,128,Mean,3485,112,86
90,Extreme,24,2A,h+,M216,h+/M216,h+/M210,h+,M210,3,5.2,3441,162,128,Mean,3498,227,185
91,Extreme,24,2B,h-,M216,h-/M216,h-/M210,h-,M210,1,6.4,4140,9,80,Mean,4212,71,433
92,Extreme,24,2B,h-,M216,h-/M216,h-/M210,h-,M210,2,6.4,4140,9,80,Mean,4213,15,169
93,Extreme,24,2B,h-,M216,h-/M216,h-/M210,h-,M210,3,6.4,4140,9,80,Mean,4214,9,181
94,Extreme,24,2C,h-,M216,h-/M216,h-/M210,h-,M210,1,5.2,3443,98,84,Mean,3458,107,97
95,Extreme,24,2C,h-,M216,h-/M216,h-/M210,h-,M210,2,5.2,3443,98,84,Mean,3480,65,39
96,Extreme,24,2C,h-,M216,h-/M216,h-/M210,h-,M210,3,5.2,3443,98,84,Mean,3496,63,34
97,Extreme,24,2D,h-,M210,h-/M210,h-/M216,h-,M216,1,5.2,3444,131,86,Mean,3470,98,114
98,Extreme,24,2D,h-,M210,h-/M210,h-/M216,h-,M216,2,5.2,3444,131,86,Mean,3478,198,159
99,Extreme,24,2D,h-,M210,h-/M210,h-/M216,h-,M216,3,5.2,3444,131,86,Mean,3503,141,112
100,Extreme,24,3A,h-,M216,h-/M216,h-/M210,h-,M210,1,5.2,3445,98,81,Mean,3462,95,57
101,Extreme,24,3A,h-,M216,h-/M216,h-/M210,h-,M210,2,5.2,3445,98,81,Mean,3466,243,146
102,Extreme,24,3A,h-,M216,h-/M216,h-/M210,h-,M210,3,5.2,3445,98,81,Mean,3501,126,76
103,Extreme,24,3B,h+,M210,h+/M210,h+/M216,h+,M216,1,5.2,3446,77,95,Mean,3461,107,203
104,Extreme,24,3B,h+,M210,h+/M210,h+/M216,h+,M216,2,5.2,3446,77,95,Mean,3502,72,105
105,Extreme,24,3B,h+,M210,h+/M210,h+/M216,h+,M216,3,5.2,3446,77,95,Mean,3489,123,239
106,Extreme,24,3D,h+,M210,h+/M210,h+/M216,h+,M216,1,5.2,3447,74,91,Mean,3491,85,194
107,Extreme,24,3D,h+,M210,h+/M210,h+/M216,h+,M216,2,5.2,3447,74,91,Mean,3492,122,160
108,Extreme,24,3D,h+,M210,h+/M210,h+/M216,h+,M216,3,5.2,3447,74,91,Mean,3504,153,149
109,Extreme,24,4A,h+,M216,h+/M216,h+/M210,h+,M210,1,5.2,3448,145,118,Mean,3471,54,172
110,Extreme,24,4A,h+,M216,h+/M216,h+/M210,h+,M210,2,5.2,3448,145,118,Mean,3481,81,327
111,Extreme,24,4A,h+,M216,h+/M216,h+/M210,h+,M210,3,5.2,3448,145,118,Mean,3499,69,219
112,Extreme,24,4C,h+,M216,h+/M216,h+/M210,h+,M210,1,5.2,3449,119,111,Mean,3482,87,140
113,Extreme,24,4C,h+,M216,h+/M216,h+/M210,h+,M210,2,5.2,3449,119,111,Mean,3488,194,385
114,Extreme,24,4C,h+,M216,h+/M216,h+/M210,h+,M210,3,5.2,3449,119,111,Mean,3497,194,308
115,Extreme,24,4D,h+,M210,h+/M210,h+/M216,h+,M216,1,5.2,3450,56,107,Mean,3459,50,125
116,Extreme,24,4D,h+,M210,h+/M210,h+/M216,h+,M216,2,5.2,3450,56,107,Mean,3475,97,157
117,Extreme,24,4D,h+,M210,h+/M210,h+/M216,h+,M216,3,5.2,3450,56,107,Mean,3483,88,188
118,Extreme,24,5A,h+,M210,h+/M210,h+/M216,h+,M216,1,5.2,3451,81,121,Mean,3457,118,109
119,Extreme,24,5A,h+,M210,h+/M210,h+/M216,h+,M216,2,5.2,3451,81,121,Mean,3472,179,184
120,Extreme,24,5A,h+,M210,h+/M210,h+/M216,h+,M216,3,5.2,3451,81,121,Mean,3474,69,146
121,Extreme,24,5B,h-,M216,h-/M216,h-/M210,h-,M210,1,5.2,3452,122,66,Mean,3468,81,80
122,Extreme,24,5B,h-,M216,h-/M216,h-/M210,h-,M210,2,5.2,3452,122,66,Mean,3479,156,122
123,Extreme,24,5B,h-,M216,h-/M216,h-/M210,h-,M210,3,5.2,3452,122,66,Mean,3500,95,70
124,Extreme,24,5C,h+,M216,h+/M216,h+/M210,h+,M210,1,5.2,3453,63,109,Mean,3463,54,139
125,Extreme,24,5C,h+,M216,h+/M216,h+/M210,h+,M210,2,5.2,3453,63,109,Mean,3469,9,171
126,Extreme,24,5C,h+,M216,h+/M216,h+/M210,h+,M210,3,5.2,3453,63,109,Mean,3490,13,165
127,Extreme,24,5D,h-,M210,h-/M210,h-/M216,h-,M216,1,5.2,3454,165,71,Mean,3476,268,200
128,Extreme,24,5D,h-,M210,h-/M210,h-/M216,h-,M216,2,5.2,3454,165,71,Mean,3477,280,198
129,Extreme,24,5D,h-,M210,h-/M210,h-/M216,h-,M216,3,5.2,3454,165,71,Mean,3487,151,106
130,Extreme,24,6B,h-,M210,h-/M210,h-/M216,h-,M216,1,5.2,3455,154,92,Mean,3465,105,202
131,Extreme,24,6B,h-,M210,h-/M210,h-/M216,h-,M216,2,5.2,3455,154,92,Mean,3473,80,195
132,Extreme,24,6B,h-,M210,h-/M210,h-/M216,h-,M216,3,5.2,3455,154,92,Mean,3494,176,265
133,Extreme,24,6C,h-,M210,h-/M210,h-/M216,h-,M216,1,5.2,3456,92,79,Mean,3460,44,258
134,Extreme,24,6C,h-,M210,h-/M210,h-/M216,h-,M216,2,5.2,3456,92,79,Mean,3467,65,251
135,Extreme,24,6C,h-,M210,h-/M210,h-/M216,h-,M216,3,5.2,3456,92,79,Mean,3486,9,91
136,Extreme,96,3B,h-,M216,h-/M216,h-/M210,h-,M210,1,5.1,3336,279,192,Mean,3390,254,181
137,Extreme,96,3B,h-,M216,h-/M216,h-/M210,h-,M210,2,5.1,3336,279,192,Mean,3377,341,242
138,Extreme,96,3B,h-,M216,h-/M216,h-/M210,h-,M210,3,5.1,3336,279,192,Mean,3400,437,214
139,Extreme,96,3C,h-,M216,h-/M216,h-/M210,h-,M210,1,5.1,3337,288,246,Mean,3398,357,253
140,Extreme,96,3C,h-,M216,h-/M216,h-/M210,h-,M210,2,5.1,3337,288,246,Mean,3399,444,334
141,Extreme,96,3C,h-,M216,h-/M216,h-/M210,h-,M210,3,5.1,3337,288,246,Mean,3368,414,332
142,Extreme,96,3D,h+,M210,h+/M210,h+/M216,h+,M216,1,5.1,3338,323,330,Mean,3364,517,380
143,Extreme,96,3D,h+,M210,h+/M210,h+/M216,h+,M216,2,5.1,3338,323,330,Mean,3371,530,570
144,Extreme,96,3D,h+,M210,h+/M210,h+/M216,h+,M216,3,5.1,3338,323,330,Mean,3378,520,381
145,Extreme,96,3F,h+,M216,h+/M216,h+/M210,h+,M210,1,5.1,3339,360,11,Mean,3392,353,8
146,Extreme,96,3F,h+,M216,h+/M216,h+/M210,h+,M210,2,5.1,3339,360,11,Mean,3379,315,7
147,Extreme,96,3F,h+,M216,h+/M216,h+/M210,h+,M210,3,5.1,3339,360,11,Mean,3376,461,7
148,Extreme,96,3G,h+,M216,h+/M216,h+/M210,h+,M210,1,6.4,4131,15,187,Mean,4164,42,360
149,Extreme,96,3G,h+,M216,h+/M216,h+/M210,h+,M210,2,6.4,4131,15,187,Mean,4171,39,248
150,Extreme,96,3G,h+,M216,h+/M216,h+/M210,h+,M210,3,6.4,4131,15,187,Mean,4203,111,492
151,Extreme,96,4D,h-,M210,h-/M210,h-/M216,h-,M216,1,5.1,3341,179,281,Mean,3366,256,334
152,Extreme,96,4D,h-,M210,h-/M210,h-/M216,h-,M216,2,5.1,3341,179,281,Mean,3375,225,211
153,Extreme,96,4D,h-,M210,h-/M210,h-/M216,h-,M216,3,5.1,3341,179,281,Mean,3401,464,603
154,Extreme,96,4E,h-,M210,h-/M210,h-/M216,h-,M216,1,5.1,3342,212,274,Mean,3382,295,272
155,Extreme,96,4E,h-,M210,h-/M210,h-/M216,h-,M216,2,5.1,3342,212,274,Mean,3372,597,565
156,Extreme,96,4E,h-,M210,h-/M210,h-/M216,h-,M216,3,5.1,3342,212,274,Mean,3373,383,428
157,Extreme,96,4G,h+,M210,h+/M210,h+/M216,h+,M216,1,5.1,3343,321,364,Mean,3369,185,71
158,Extreme,96,4G,h+,M210,h+/M210,h+/M216,h+,M216,2,5.1,3343,321,364,Mean,3384,148,72
159,Extreme,96,4G,h+,M210,h+/M210,h+/M216,h+,M216,3,5.1,3343,321,364,Mean,3394,67,112
160,Extreme,96,5C,h+,M210,h+/M210,h+/M216,h+,M216,1,5.1,3344,254,296,Mean,3362,403,306
161,Extreme,96,5C,h+,M210,h+/M210,h+/M216,h+,M216,2,5.1,3344,254,296,Mean,3388,286,191
162,Extreme,96,5C,h+,M210,h+/M210,h+/M216,h+,M216,3,5.1,3344,254,296,Mean,3396,297,273
163,Extreme,96,5D,h+,M216,h+/M216,h+/M210,h+,M210,1,5.1,3345,262,19,Mean,3386,284,8
164,Extreme,96,5D,h+,M216,h+/M216,h+/M210,h+,M210,2,5.1,3345,262,19,Mean,3387,323,27
165,Extreme,96,5D,h+,M216,h+/M216,h+/M210,h+,M210,3,5.1,3345,262,19,Mean,3391,258,11
166,Extreme,96,5E,h-,M216,h-/M216,h-/M210,h-,M210,1,5.1,3346,277,240,Mean,3370,441,96
167,Extreme,96,5E,h-,M216,h-/M216,h-/M210,h-,M210,2,5.1,3346,277,240,Mean,3383,272,181
168,Extreme,96,5E,h-,M216,h-/M216,h-/M210,h-,M210,3,5.1,3346,277,240,Mean,3393,246,74
169,Extreme,96,5F,h+,M210,h+/M210,h+/M216,h+,M216,1,5.1,3347,243,286,Mean,3367,284,221
170,Extreme,96,5F,h+,M210,h+/M210,h+/M216,h+,M216,2,5.1,3347,243,286,Mean,3374,277,331
171,Extreme,96,5F,h+,M210,h+/M210,h+/M216,h+,M216,3,5.1,3347,243,286,Mean,3389,500,347
172,Extreme,96,5G,h-,M210,h-/M210,h-/M216,h-,M216,1,5.1,3348,139,290,Mean,3381,268,468
173,Extreme,96,5G,h-,M210,h-/M210,h-/M216,h-,M216,2,5.1,3348,139,290,Mean,3385,143,393
174,Extreme,96,5G,h-,M210,h-/M210,h-/M216,h-,M216,3,5.1,3348,139,290,Mean,3395,101,237
175,Fast,24,2B,h-,M216,h-/M216,h-/M210,h-,M210,1,6.3,4008,5,50,Fast,4035,0,1
176,Fast,24,2B,h-,M216,h-/M216,h-/M210,h-,M210,2,6.3,4008,5,50,Fast,4042,146,172
177,Fast,24,2B,h-,M216,h-/M216,h-/M210,h-,M210,3,6.3,4008,5,50,Fast,4060,1,346
178,Fast,24,2C,h-,M216,h-/M216,h-/M210,h-,M210,1,6.3,4009,70,56,Fast,4028,0,59
179,Fast,24,2C,h-,M216,h-/M216,h-/M210,h-,M210,2,6.3,4009,70,56,Fast,4038,74,313
180,Fast,24,2C,h-,M216,h-/M216,h-/M210,h-,M210,3,6.3,4009,70,56,Fast,4053,65,252
181,Fast,24,2D,h-,M210,h-/M210,h-/M216,h-,M216,1,6.3,4010,18,62,Fast,4029,0,154
182,Fast,24,2D,h-,M210,h-/M210,h-/M216,h-,M216,2,6.3,4010,18,62,Fast,4040,48,456
183,Fast,24,2D,h-,M210,h-/M210,h-/M216,h-,M216,3,6.3,4010,18,62,Fast,4064,73,303
184,Fast,24,3A,h-,M216,h-/M216,h-/M210,h-,M210,1,2.1,784,12,65,Fast,2076,6,337
185,Fast,24,3A,h-,M216,h-/M216,h-/M210,h-,M210,2,2.1,784,12,65,Fast,2078,17,534
186,Fast,24,3A,h-,M216,h-/M216,h-/M210,h-,M210,3,2.1,784,12,65,Fast,2079,42,730
187,Fast,24,3B,h+,M210,h+/M210,h+/M216,h+,M216,1,2.1,775,55,54,Fast,2021,10,332
188,Fast,24,3B,h+,M210,h+/M210,h+/M216,h+,M216,2,2.1,775,55,54,Fast,2027,17,272
189,Fast,24,3B,h+,M210,h+/M210,h+/M216,h+,M216,3,2.1,775,55,54,Fast,2037,18,380
190,Fast,24,4A,h+,M216,h+/M216,h+/M210,h+,M210,1,6.3,4011,3,136,Fast,4021,28,282
191,Fast,24,4A,h+,M216,h+/M216,h+/M210,h+,M210,2,6.3,4011,3,136,Fast,4022,46,48
192,Fast,24,4A,h+,M216,h+/M216,h+/M210,h+,M210,3,6.3,4011,3,136,Fast,4041,2,71
193,Fast,24,4C,h+,M216,h+/M216,h+/M210,h+,M210,1,6.3,4012,57,97,Fast,4027,421,146
194,Fast,24,4C,h+,M216,h+/M216,h+/M210,h+,M210,2,6.3,4012,57,97,Fast,4030,72,45
195,Fast,24,4C,h+,M216,h+/M216,h+/M210,h+,M210,3,6.3,4012,57,97,Fast,4056,309,120
196,Fast,24,4D,h+,M210,h+/M210,h+/M216,h+,M216,1,6.3,4013,54,50,Fast,4025,3,75
197,Fast,24,4D,h+,M210,h+/M210,h+/M216,h+,M216,2,6.3,4013,54,50,Fast,4031,0,18
198,Fast,24,4D,h+,M210,h+/M210,h+/M216,h+,M216,3,6.3,4013,54,50,Fast,4039,18,123
199,Fast,24,5A,h+,M210,h+/M210,h+/M216,h+,M216,1,6.3,4014,3,59,Fast,4037,2,72
200,Fast,24,5A,h+,M210,h+/M210,h+/M216,h+,M216,2,6.3,4014,3,59,Fast,4052,10,258
201,Fast,24,5A,h+,M210,h+/M210,h+/M216,h+,M216,3,6.3,4014,3,59,Fast,4054,22,58
202,Fast,24,5B,h-,M216,h-/M216,h-/M210,h-,M210,1,2.1,785,164,18,Fast,2060,39,142
203,Fast,24,5B,h-,M216,h-/M216,h-/M210,h-,M210,2,2.1,785,164,18,Fast,2070,169,69
204,Fast,24,5B,h-,M216,h-/M216,h-/M210,h-,M210,3,2.1,785,164,18,Fast,2072,77,230
205,Fast,24,5C,h+,M216,h+/M216,h+/M210,h+,M210,1,6.3,4016,2,110,Fast,4018,66,86
206,Fast,24,5C,h+,M216,h+/M216,h+/M210,h+,M210,2,6.3,4016,2,110,Fast,4032,157,105
207,Fast,24,5C,h+,M216,h+/M216,h+/M210,h+,M210,3,6.3,4016,2,110,Fast,4051,76,69
208,Fast,24,5D,h-,M210,h-/M210,h-/M216,h-,M216,1,6.3,4017,1,43,Fast,4046,27,370
209,Fast,24,5D,h-,M210,h-/M210,h-/M216,h-,M216,2,6.3,4017,1,43,Fast,4058,20,153
210,Fast,24,5D,h-,M210,h-/M210,h-/M216,h-,M216,3,6.3,4017,1,43,Fast,4062,2,114
211,Fast,24,6B,h-,M210,h-/M210,h-/M216,h-,M216,1,2.1,769,9,20,Fast,2008,97,391
212,Fast,24,6B,h-,M210,h-/M210,h-/M216,h-,M216,2,2.1,769,9,20,Fast,2017,65,266
213,Fast,24,6B,h-,M210,h-/M210,h-/M216,h-,M216,3,2.1,769,9,20,Fast,2034,117,453
214,Fast,24,6C,h-,M210,h-/M210,h-/M216,h-,M216,1,2.1,770,14,15,Fast,2026,0,210
215,Fast,24,6C,h-,M210,h-/M210,h-/M216,h-,M216,2,2.1,770,14,15,Fast,2032,11,346
216,Fast,24,6C,h-,M210,h-/M210,h-/M216,h-,M216,3,2.1,770,14,15,Fast,2019,29,945
217,Fast,96,3B,h-,M216,h-/M216,h-/M210,h-,M210,1,2.1,778,18,25,Fast,2001,42,237
218,Fast,96,3B,h-,M216,h-/M216,h-/M210,h-,M210,2,2.1,778,18,25,Fast,1989,152,244
219,Fast,96,3B,h-,M216,h-/M216,h-/M210,h-,M210,3,2.1,778,18,25,Fast,2023,198,474
220,Fast,96,3C,h-,M216,h-/M216,h-/M210,h-,M210,1,2.1,779,20,24,Fast,2000,136,128
221,Fast,96,3C,h-,M216,h-/M216,h-/M210,h-,M210,2,2.1,779,20,24,Fast,2013,287,385
222,Fast,96,3C,h-,M216,h-/M216,h-/M210,h-,M210,3,2.1,779,20,24,Fast,2035,124,177
223,Fast,96,3D,h+,M210,h+/M210,h+/M216,h+,M216,1,6.3,3998,102,64,Fast,4023,239,53
224,Fast,96,3D,h+,M210,h+/M210,h+/M216,h+,M216,2,6.3,3998,102,64,Fast,4024,397,75
225,Fast,96,3D,h+,M210,h+/M210,h+/M216,h+,M216,3,6.3,3998,102,64,Fast,4055,113,55
226,Fast,96,3E,h-,M210,h-/M210,h-/M216,h-,M216,1,6.3,3999,28,43,Fast,4034,171,341
227,Fast,96,3E,h-,M210,h-/M210,h-/M216,h-,M216,2,6.3,3999,28,43,Fast,4057,104,237
228,Fast,96,3E,h-,M210,h-/M210,h-/M216,h-,M216,3,6.3,3999,28,43,Fast,4065,50,192
229,Fast,96,3F,h+,M216,h+/M216,h+/M210,h+,M210,1,2.1,786,20,7,Fast,2049,346,94
230,Fast,96,3F,h+,M216,h+/M216,h+/M210,h+,M210,2,2.1,786,20,7,Fast,2050,452,152
231,Fast,96,3F,h+,M216,h+/M216,h+/M210,h+,M210,3,2.1,786,20,7,Fast,2055,530,165
232,Fast,96,3G,h+,M216,h+/M216,h+/M210,h+,M210,1,6.3,4000,9,117,Fast,4033,122,96
233,Fast,96,3G,h+,M216,h+/M216,h+/M210,h+,M210,2,6.3,4000,9,117,Fast,4050,18,50
234,Fast,96,3G,h+,M216,h+/M216,h+/M210,h+,M210,3,6.3,4000,9,117,Fast,4059,0,72
235,Fast,96,4D,h-,M210,h-/M210,h-/M216,h-,M216,1,6.3,4002,45,33,Fast,4043,95,77
236,Fast,96,4D,h-,M210,h-/M210,h-/M216,h-,M216,2,6.3,4002,45,33,Fast,4049,245,152
237,Fast,96,4D,h-,M210,h-/M210,h-/M216,h-,M216,3,6.3,4002,45,33,Fast,4061,639,252
238,Fast,96,4E,h-,M210,h-/M210,h-/M216,h-,M216,1,6.3,4003,6,48,Fast,4020,65,63
239,Fast,96,4E,h-,M210,h-/M210,h-/M216,h-,M216,2,6.3,4003,6,48,Fast,4036,166,80
240,Fast,96,4E,h-,M210,h-/M210,h-/M216,h-,M216,3,6.3,4003,6,48,Fast,4044,127,67
241,Fast,96,4G,h+,M210,h+/M210,h+/M216,h+,M216,1,2.1,772,5,33,Fast,1994,49,293
242,Fast,96,4G,h+,M210,h+/M210,h+/M216,h+,M216,2,2.1,772,5,33,Fast,2015,36,357
243,Fast,96,4G,h+,M210,h+/M210,h+/M216,h+,M216,3,2.1,772,5,33,Fast,2033,26,508
244,Fast,96,5B,h-,M216,h-/M216,h-/M210,h-,M210,1,6.3,4005,1,49,Fast,4019,26,89
245,Fast,96,5B,h-,M216,h-/M216,h-/M210,h-,M210,2,6.3,4005,1,49,Fast,4026,17,125
246,Fast,96,5B,h-,M216,h-/M216,h-/M210,h-,M210,3,6.3,4005,1,49,Fast,4045,22,152
247,Fast,96,5C,h+,M210,h+/M210,h+/M216,h+,M216,1,2.1,773,42,42,Fast,1994,220,357
248,Fast,96,5C,h+,M210,h+/M210,h+/M216,h+,M216,2,2.1,773,42,42,Fast,2015,136,230
249,Fast,96,5C,h+,M210,h+/M210,h+/M216,h+,M216,3,2.1,773,42,42,Fast,2033,207,335
250,Fast,96,5D,h+,M216,h+/M216,h+/M210,h+,M210,1,6.3,4006,5,129,Fast,4047,424,44
251,Fast,96,5D,h+,M216,h+/M216,h+/M210,h+,M210,2,6.3,4006,5,129,Fast,4048,125,103
252,Fast,96,5D,h+,M216,h+/M216,h+/M210,h+,M210,3,6.3,4006,5,129,Fast,4063,101,133
253,Fast,96,5E,h-,M216,h-/M216,h-/M210,h-,M210,1,2.1,781,44,40,Fast,1997,28,240
254,Fast,96,5E,h-,M216,h-/M216,h-/M210,h-,M210,2,2.1,781,44,40,Fast,2040,644,609
255,Fast,96,5E,h-,M216,h-/M216,h-/M210,h-,M210,3,2.1,781,44,40,Fast,2041,483,355
256,Fast,96,5F,h+,M210,h+/M210,h+/M216,h+,M216,1,2.1,774,41,28,Fast,2042,54,265
257,Fast,96,5F,h+,M210,h+/M210,h+/M216,h+,M216,2,2.1,774,41,28,Fast,2016,50,264
258,Fast,96,5F,h+,M210,h+/M210,h+/M216,h+,M216,3,2.1,774,41,28,Fast,2038,42,385
259,Fast,96,5G,h-,M210,h-/M210,h-/M216,h-,M216,1,2.1,766,11,28,Fast,1986,167,687
260,Fast,96,5G,h-,M210,h-/M210,h-/M216,h-,M216,2,2.1,766,11,28,Fast,2006,126,604
261,Fast,96,5G,h-,M210,h-/M210,h-/M216,h-,M216,3,2.1,766,11,28,Fast,2028,93,455
262,Fast,24,2B,h-,M216,h-/M216,h-/M210,h-,M210,1,6.3,4008,5,50,Mean,4076,0,112
263,Fast,24,2B,h-,M216,h-/M216,h-/M210,h-,M210,2,6.3,4008,5,50,Mean,4095,6,59
264,Fast,24,2B,h-,M216,h-/M216,h-/M210,h-,M210,3,6.3,4008,5,50,Mean,4113,0,127
265,Fast,24,2C,h-,M216,h-/M216,h-/M210,h-,M210,1,6.3,4009,70,56,Mean,4082,23,157
266,Fast,24,2C,h-,M216,h-/M216,h-/M210,h-,M210,2,6.3,4009,70,56,Mean,4090,87,143
267,Fast,24,2C,h-,M216,h-/M216,h-/M210,h-,M210,3,6.3,4009,70,56,Mean,4097,8,107
268,Fast,24,2D,h-,M210,h-/M210,h-/M216,h-,M216,1,6.3,4010,18,62,Mean,4081,1,844
269,Fast,24,2D,h-,M210,h-/M210,h-/M216,h-,M216,2,6.3,4010,18,62,Mean,4096,1,194
270,Fast,24,2D,h-,M210,h-/M210,h-/M216,h-,M216,3,6.3,4010,18,62,Mean,4099,29,198
271,Fast,24,3A,h-,M216,h-/M216,h-/M210,h-,M210,1,2.1,784,12,65,Mean,2146,24,195
272,Fast,24,3A,h-,M216,h-/M216,h-/M210,h-,M210,2,2.1,784,12,65,Mean,2147,0,16
273,Fast,24,3A,h-,M216,h-/M216,h-/M210,h-,M210,3,2.1,784,12,65,Mean,2143,0,7
274,Fast,24,3B,h+,M210,h+/M210,h+/M216,h+,M216,1,2.1,775,55,54,Mean,2116,9,0
275,Fast,24,3B,h+,M210,h+/M210,h+/M216,h+,M216,2,2.1,775,55,54,Mean,2121,42,13
276,Fast,24,3B,h+,M210,h+/M210,h+/M216,h+,M216,3,2.1,775,55,54,Mean,2128,90,2
277,Fast,24,4A,h+,M216,h+/M216,h+/M210,h+,M210,1,6.3,4011,3,136,Mean,4078,9,226
278,Fast,24,4A,h+,M216,h+/M216,h+/M210,h+,M210,2,6.3,4011,3,136,Mean,4093,2,161
279,Fast,24,4A,h+,M216,h+/M216,h+/M210,h+,M210,3,6.3,4011,3,136,Mean,4114,21,161
280,Fast,24,4C,h+,M216,h+/M216,h+/M210,h+,M210,1,6.3,4012,57,97,Mean,4067,664,431
281,Fast,24,4C,h+,M216,h+/M216,h+/M210,h+,M210,2,6.3,4012,57,97,Mean,4069,13,10
282,Fast,24,4C,h+,M216,h+/M216,h+/M210,h+,M210,3,6.3,4012,57,97,Mean,4085,81,48
283,Fast,24,4D,h+,M210,h+/M210,h+/M216,h+,M216,1,6.3,4013,54,50,Mean,4087,75,301
284,Fast,24,4D,h+,M210,h+/M210,h+/M216,h+,M216,2,6.3,4013,54,50,Mean,4100,46,210
285,Fast,24,4D,h+,M210,h+/M210,h+/M216,h+,M216,3,6.3,4013,54,50,Mean,4120,3,34
286,Fast,24,5A,h+,M210,h+/M210,h+/M216,h+,M216,1,6.3,4014,3,59,Mean,4077,0,119
287,Fast,24,5A,h+,M210,h+/M210,h+/M216,h+,M216,2,6.3,4014,3,59,Mean,4098,0,114
288,Fast,24,5A,h+,M210,h+/M210,h+/M216,h+,M216,3,6.3,4014,3,59,Mean,4110,0,33
289,Fast,24,5B,h-,M216,h-/M216,h-/M210,h-,M210,1,2.1,785,164,18,Mean,2145,0,19
290,Fast,24,5B,h-,M216,h-/M216,h-/M210,h-,M210,2,2.1,785,164,18,Mean,2162,0,122
291,Fast,24,5B,h-,M216,h-/M216,h-/M210,h-,M210,3,2.1,785,164,18,Mean,2172,0,15
292,Fast,24,5C,h+,M216,h+/M216,h+/M210,h+,M210,1,6.3,4016,2,110,Mean,4072,15,33
293,Fast,24,5C,h+,M216,h+/M216,h+/M210,h+,M210,2,6.3,4016,2,110,Mean,4074,26,29
294,Fast,24,5C,h+,M216,h+/M216,h+/M210,h+,M210,3,6.3,4016,2,110,Mean,4116,50,54
295,Fast,24,5D,h-,M210,h-/M210,h-/M216,h-,M216,1,6.3,4017,1,43,Mean,4079,1,173
296,Fast,24,5D,h-,M210,h-/M210,h-/M216,h-,M216,2,6.3,4017,1,43,Mean,4092,0,82
297,Fast,24,5D,h-,M210,h-/M210,h-/M216,h-,M216,3,6.3,4017,1,43,Mean,4109,0,80
298,Fast,24,6B,h-,M210,h-/M210,h-/M216,h-,M216,1,2.1,769,9,20,Mean,2086,13,27
299,Fast,24,6B,h-,M210,h-/M210,h-/M216,h-,M216,2,2.1,769,9,20,Mean,2090,5,14
300,Fast,24,6B,h-,M210,h-/M210,h-/M216,h-,M216,3,2.1,769,9,20,Mean,2108,49,141
301,Fast,24,6C,h-,M210,h-/M210,h-/M216,h-,M216,1,2.1,770,14,15,Mean,2084,0,73
302,Fast,24,6C,h-,M210,h-/M210,h-/M216,h-,M216,2,2.1,770,14,15,Mean,2111,0,52
303,Fast,24,6C,h-,M210,h-/M210,h-/M216,h-,M216,3,2.1,770,14,15,Mean,2134,0,60
304,Fast,96,3B,h-,M216,h-/M216,h-/M210,h-,M210,1,2.1,778,18,25,Mean,2092,16,20
305,Fast,96,3B,h-,M216,h-/M216,h-/M210,h-,M210,2,2.1,778,18,25,Mean,2120,36,62
306,Fast,96,3B,h-,M216,h-/M216,h-/M210,h-,M210,3,2.1,778,18,25,Mean,2140,57,119
307,Fast,96,3C,h-,M216,h-/M216,h-/M210,h-,M210,1,2.1,779,20,24,Mean,2139,24,84
308,Fast,96,3C,h-,M216,h-/M216,h-/M210,h-,M210,2,2.1,779,20,24,Mean,2122,6,54
309,Fast,96,3C,h-,M216,h-/M216,h-/M210,h-,M210,3,2.1,779,20,24,Mean,2089,10,77
310,Fast,96,3D,h+,M210,h+/M210,h+/M216,h+,M216,1,6.3,3998,102,64,Mean,4066,265,92
311,Fast,96,3D,h+,M210,h+/M210,h+/M216,h+,M216,2,6.3,3998,102,64,Mean,4119,128,8
312,Fast,96,3D,h+,M210,h+/M210,h+/M216,h+,M216,3,6.3,3998,102,64,Mean,4121,37,18
313,Fast,96,3E,h-,M210,h-/M210,h-/M216,h-,M216,1,6.3,3999,28,43,Mean,4083,112,234
314,Fast,96,3E,h-,M210,h-/M210,h-/M216,h-,M216,2,6.3,3999,28,43,Mean,4089,70,154
315,Fast,96,3E,h-,M210,h-/M210,h-/M216,h-,M216,3,6.3,3999,28,43,Mean,4103,19,56
316,Fast,96,3F,h+,M216,h+/M216,h+/M210,h+,M210,1,2.1,786,20,7,Mean,2164,82,62
317,Fast,96,3F,h+,M216,h+/M216,h+/M210,h+,M210,2,2.1,786,20,7,Mean,2150,80,19
318,Fast,96,3F,h+,M216,h+/M216,h+/M210,h+,M210,3,2.1,786,20,7,Mean,2141,40,13
319,Fast,96,3G,h+,M216,h+/M216,h+/M210,h+,M210,1,6.3,4000,9,117,Mean,4101,5,20
320,Fast,96,3G,h+,M216,h+/M216,h+/M210,h+,M210,2,6.3,4000,9,117,Mean,4111,83,44
321,Fast,96,3G,h+,M216,h+/M216,h+/M210,h+,M210,3,6.3,4000,9,117,Mean,4115,3,117
322,Fast,96,4D,h-,M210,h-/M210,h-/M216,h-,M216,1,6.3,4002,45,33,Mean,4080,229,144
323,Fast,96,4D,h-,M210,h-/M210,h-/M216,h-,M216,2,6.3,4002,45,33,Mean,4086,75,73
324,Fast,96,4D,h-,M210,h-/M210,h-/M216,h-,M216,3,6.3,4002,45,33,Mean,4117,278,120
325,Fast,96,4E,h-,M210,h-/M210,h-/M216,h-,M216,1,6.3,4003,6,48,Mean,4073,106,233
326,Fast,96,4E,h-,M210,h-/M210,h-/M216,h-,M216,2,6.3,4003,6,48,Mean,4102,22,111
327,Fast,96,4E,h-,M210,h-/M210,h-/M216,h-,M216,3,6.3,4003,6,48,Mean,4105,10,14
328,Fast,96,4G,h+,M210,h+/M210,h+/M216,h+,M216,1,6.3,4004,8,62,Mean,4075,10,176
329,Fast,96,4G,h+,M210,h+/M210,h+/M216,h+,M216,2,6.3,4004,8,62,Mean,4091,26,83
330,Fast,96,4G,h+,M210,h+/M210,h+/M216,h+,M216,3,6.3,4004,8,62,Mean,4112,31,251
331,Fast,96,5B,h-,M216,h-/M216,h-/M210,h-,M210,1,6.3,4005,1,49,Mean,4084,12,100
332,Fast,96,5B,h-,M216,h-/M216,h-/M210,h-,M210,2,6.3,4005,1,49,Mean,4104,2,82
333,Fast,96,5B,h-,M216,h-/M216,h-/M210,h-,M210,3,6.3,4005,1,49,Mean,4118,1,175
334,Fast,96,5C,h+,M210,h+/M210,h+/M216,h+,M216,1,2.1,773,42,42,Mean,2101,13,21
335,Fast,96,5C,h+,M210,h+/M210,h+/M216,h+,M216,2,2.1,773,42,42,Mean,2109,3,27
336,Fast,96,5C,h+,M210,h+/M210,h+/M216,h+,M216,3,2.1,773,42,42,Mean,2130,4,21
337,Fast,96,5D,h+,M216,h+/M216,h+/M210,h+,M210,1,6.3,4006,5,129,Mean,4068,222,126
338,Fast,96,5D,h+,M216,h+/M216,h+/M210,h+,M210,2,6.3,4006,5,129,Mean,4088,34,60
339,Fast,96,5D,h+,M216,h+/M216,h+/M210,h+,M210,3,6.3,4006,5,129,Mean,4094,24,109
340,Fast,96,5E,h-,M216,h-/M216,h-/M210,h-,M210,1,2.1,781,44,40,Mean,2095,217,268
341,Fast,96,5E,h-,M216,h-/M216,h-/M210,h-,M210,2,2.1,781,44,40,Mean,2112,121,192
342,Fast,96,5E,h-,M216,h-/M216,h-/M210,h-,M210,3,2.1,781,44,40,Mean,2114,23,40
343,Fast,96,5F,h+,M210,h+/M210,h+/M216,h+,M216,1,2.1,774,41,28,Mean,2106,16,66
344,Fast,96,5F,h+,M210,h+/M210,h+/M216,h+,M216,2,2.1,774,41,28,Mean,2110,0,14
345,Fast,96,5F,h+,M210,h+/M210,h+/M216,h+,M216,3,2.1,774,41,28,Mean,2115,10,99
346,Fast,96,5G,h-,M210,h-/M210,h-/M216,h-,M216,1,2.1,766,11,28,Mean,2099,61,186
347,Fast,96,5G,h-,M210,h-/M210,h-/M216,h-,M216,2,2.1,766,11,28,Mean,2131,5,24
348,Fast,96,5G,h-,M210,h-/M210,h-/M216,h-,M216,3,2.1,766,11,28,Mean,2096,66,220
349,Intermediate,24,2A,h+,M216,h+/M216,h+/M210,h+,M210,1,1,695,45,36,Intermediate,2549,14,12
350,Intermediate,24,2A,h+,M216,h+/M216,h+/M210,h+,M210,2,1,695,45,36,Intermediate,2539,0,17
351,Intermediate,24,2A,h+,M216,h+/M216,h+/M210,h+,M210,3,1,695,45,36,Intermediate,2542,55,11
352,Intermediate,24,2B,h-,M216,h-/M216,h-/M210,h-,M210,1,1,687,35,96,Intermediate,2566,0,16
353,Intermediate,24,2B,h-,M216,h-/M216,h-/M210,h-,M210,2,1,687,35,96,Intermediate,2583,0,4
354,Intermediate,24,2B,h-,M216,h-/M216,h-/M210,h-,M210,3,1,687,35,96,Intermediate,2568,0,10
355,Intermediate,24,2C,h-,M216,h-/M216,h-/M210,h-,M210,1,6.1,3805,36,70,Intermediate,3845,22,431
356,Intermediate,24,2C,h-,M216,h-/M216,h-/M210,h-,M210,2,6.1,3805,36,70,Intermediate,3871,37,329
357,Intermediate,24,2C,h-,M216,h-/M216,h-/M210,h-,M210,3,6.1,3805,36,70,Intermediate,3875,18,293
358,Intermediate,24,2D,h-,M210,h-/M210,h-/M216,h-,M216,1,6.1,3806,44,28,Intermediate,3842,276,315
359,Intermediate,24,2D,h-,M210,h-/M210,h-/M216,h-,M216,2,6.1,3806,44,28,Intermediate,3874,241,265
360,Intermediate,24,2D,h-,M210,h-/M210,h-/M216,h-,M216,3,6.1,3806,44,28,Intermediate,3877,82,173
361,Intermediate,24,3A,h-,M216,h-/M216,h-/M210,h-,M210,1,6.1,3807,62,52,Intermediate,3849,99,105
362,Intermediate,24,3A,h-,M216,h-/M216,h-/M210,h-,M210,2,6.1,3807,62,52,Intermediate,3873,26,326
363,Intermediate,24,3A,h-,M216,h-/M216,h-/M210,h-,M210,3,6.1,3807,62,52,Intermediate,3879,7,304
364,Intermediate,24,3B,h+,M210,h+/M210,h+/M216,h+,M216,1,6.1,3808,21,59,Intermediate,3856,344,418
365,Intermediate,24,3B,h+,M210,h+/M210,h+/M216,h+,M216,2,6.1,3808,21,59,Intermediate,3866,198,70
366,Intermediate,24,3B,h+,M210,h+/M210,h+/M216,h+,M216,3,6.1,3808,21,59,Intermediate,3876,242,266
367,Intermediate,24,4A,h+,M216,h+/M216,h+/M210,h+,M210,1,1,696,87,39,Intermediate,2540,17,21
368,Intermediate,24,4A,h+,M216,h+/M216,h+/M210,h+,M210,2,1,696,87,39,Intermediate,2544,142,98
369,Intermediate,24,4A,h+,M216,h+/M216,h+/M210,h+,M210,3,1,696,87,39,Intermediate,2545,28,42
370,Intermediate,24,4C,h+,M216,h+/M216,h+/M210,h+,M210,1,6.1,3810,9,89,Intermediate,3858,27,309
371,Intermediate,24,4C,h+,M216,h+/M216,h+/M210,h+,M210,2,6.1,3810,9,89,Intermediate,3868,0,615
372,Intermediate,24,4C,h+,M216,h+/M216,h+/M210,h+,M210,3,6.1,3810,9,89,Intermediate,3878,2,597
373,Intermediate,24,4D,h+,M210,h+/M210,h+/M216,h+,M216,1,6.1,3811,84,64,Intermediate,3835,741,11
374,Intermediate,24,4D,h+,M210,h+/M210,h+/M216,h+,M216,2,6.1,3811,84,64,Intermediate,3843,107,105
375,Intermediate,24,4D,h+,M210,h+/M210,h+/M216,h+,M216,3,6.1,3811,84,64,Intermediate,3851,86,0
376,Intermediate,24,5A,h+,M210,h+/M210,h+/M216,h+,M216,1,1,682,7,178,Intermediate,2519,64,243
377,Intermediate,24,5A,h+,M210,h+/M210,h+/M216,h+,M216,2,1,682,7,178,Intermediate,2581,0,13
378,Intermediate,24,5A,h+,M210,h+/M210,h+/M216,h+,M216,3,1,682,7,178,Intermediate,2582,142,98
379,Intermediate,24,5B,h-,M216,h-/M216,h-/M210,h-,M210,1,6.1,3812,163,72,Intermediate,3847,82,40
380,Intermediate,24,5B,h-,M216,h-/M216,h-/M210,h-,M210,2,6.1,3812,163,72,Intermediate,3848,157,19
381,Intermediate,24,5B,h-,M216,h-/M216,h-/M210,h-,M210,3,6.1,3812,163,72,Intermediate,3864,258,45
382,Intermediate,24,5C,h+,M216,h+/M216,h+/M210,h+,M210,1,6.1,3813,260,72,Intermediate,3836,94,280
383,Intermediate,24,5C,h+,M216,h+/M216,h+/M210,h+,M210,2,6.1,3813,260,72,Intermediate,3846,9,133
384,Intermediate,24,5C,h+,M216,h+/M216,h+/M210,h+,M210,3,6.1,3813,260,72,Intermediate,3862,350,239
385,Intermediate,24,5D,h-,M210,h-/M210,h-/M216,h-,M216,1,1,672,38,125,Intermediate,2464,18,109
386,Intermediate,24,5D,h-,M210,h-/M210,h-/M216,h-,M216,2,1,672,38,125,Intermediate,2465,0,26
387,Intermediate,24,5D,h-,M210,h-/M210,h-/M216,h-,M216,3,1,672,38,125,Intermediate,2495,114,292
388,Intermediate,24,6B,h-,M210,h-/M210,h-/M216,h-,M216,1,6.1,3814,87,46,Intermediate,3844,48,289
389,Intermediate,24,6B,h-,M210,h-/M210,h-/M216,h-,M216,2,6.1,3814,87,46,Intermediate,3853,246,160
390,Intermediate,24,6B,h-,M210,h-/M210,h-/M216,h-,M216,3,6.1,3814,87,46,Intermediate,3855,214,8
391,Intermediate,24,6C,h-,M210,h-/M210,h-/M216,h-,M216,1,1,674,29,160,Intermediate,2477,0,5
392,Intermediate,24,6C,h-,M210,h-/M210,h-/M216,h-,M216,2,1,674,29,160,Intermediate,2503,2,16
393,Intermediate,24,6C,h-,M210,h-/M210,h-/M216,h-,M216,3,1,674,29,160,Intermediate,2505,20,29
394,Intermediate,96,3B,h-,M216,h-/M216,h-/M210,h-,M210,1,6.1,3799,106,51,Intermediate,3850,99,30
395,Intermediate,96,3B,h-,M216,h-/M216,h-/M210,h-,M210,2,6.1,3799,106,51,Intermediate,3861,165,45
396,Intermediate,96,3B,h-,M216,h-/M216,h-/M210,h-,M210,3,6.1,3799,106,51,Intermediate,3865,60,119
397,Intermediate,96,3C,h-,M216,h-/M216,h-/M210,h-,M210,1,6.1,3800,323,56,Intermediate,3838,170,52
398,Intermediate,96,3C,h-,M216,h-/M216,h-/M210,h-,M210,2,6.1,3800,323,56,Intermediate,3839,151,46
399,Intermediate,96,3C,h-,M216,h-/M216,h-/M210,h-,M210,3,6.1,3800,323,56,Intermediate,3863,137,102
400,Intermediate,96,3D,h+,M210,h+/M210,h+/M216,h+,M216,1,1,675,27,150,Intermediate,2520,22,13
401,Intermediate,96,3D,h+,M210,h+/M210,h+/M216,h+,M216,2,1,675,27,150,Intermediate,2529,12,21
402,Intermediate,96,3D,h+,M210,h+/M210,h+/M216,h+,M216,3,1,675,27,150,Intermediate,2573,5,0
403,Intermediate,96,3E,h-,M210,h-/M210,h-/M216,h-,M216,1,1,667,49,152,Intermediate,2456,9,11
404,Intermediate,96,3E,h-,M210,h-/M210,h-/M216,h-,M216,2,1,667,49,152,Intermediate,2468,10,93
405,Intermediate,96,3E,h-,M210,h-/M210,h-/M216,h-,M216,3,1,667,49,152,Intermediate,2485,50,69
406,Intermediate,96,3F,h+,M216,h+/M216,h+/M210,h+,M210,1,1,691,82,61,Intermediate,2564,61,0
407,Intermediate,96,3F,h+,M216,h+/M216,h+/M210,h+,M210,2,1,691,82,61,Intermediate,2579,31,1
408,Intermediate,96,3F,h+,M216,h+/M216,h+/M210,h+,M210,3,1,691,82,61,Intermediate,2516,64,12
409,Intermediate,96,3G,h+,M216,h+/M216,h+/M210,h+,M210,1,1,692,33,70,Intermediate,2552,7,51
410,Intermediate,96,3G,h+,M216,h+/M216,h+/M210,h+,M210,2,1,692,33,70,Intermediate,2553,30,46
411,Intermediate,96,3G,h+,M216,h+/M216,h+/M210,h+,M210,3,1,692,33,70,Intermediate,2572,5,26
412,Intermediate,96,4B,h+,M216,h+/M216,h+/M210,h+,M210,1,6.1,3801,13,64,Intermediate,3852,26,298
413,Intermediate,96,4B,h+,M216,h+/M216,h+/M210,h+,M210,2,6.1,3801,13,64,Intermediate,3854,0,198
414,Intermediate,96,4B,h+,M216,h+/M216,h+/M210,h+,M210,3,6.1,3801,13,64,Intermediate,3872,8,389
415,Intermediate,96,4D,h-,M210,h-/M210,h-/M216,h-,M216,1,1,668,68,140,Intermediate,2470,62,19
416,Intermediate,96,4D,h-,M210,h-/M210,h-/M216,h-,M216,2,1,668,68,140,Intermediate,2462,105,80
417,Intermediate,96,4D,h-,M210,h-/M210,h-/M216,h-,M216,3,1,668,68,140,Intermediate,2486,25,15
418,Intermediate,96,4E,h-,M210,h-/M210,h-/M216,h-,M216,1,1,669,37,149,Intermediate,2499,38,7
419,Intermediate,96,4E,h-,M210,h-/M210,h-/M216,h-,M216,2,1,669,37,149,Intermediate,2473,179,58
420,Intermediate,96,4G,h+,M210,h+/M210,h+/M216,h+,M216,1,1,676,22,219,Intermediate,2565,29,47
421,Intermediate,96,4G,h+,M210,h+/M210,h+/M216,h+,M216,2,1,676,22,219,Intermediate,2523,49,59
422,Intermediate,96,5B,h-,M216,h-/M216,h-/M210,h-,M210,1,6.1,3802,57,55,Intermediate,3840,424,364
423,Intermediate,96,5B,h-,M216,h-/M216,h-/M210,h-,M210,2,6.1,3802,57,55,Intermediate,3859,62,398
424,Intermediate,96,5B,h-,M216,h-/M216,h-/M210,h-,M210,3,6.1,3802,57,55,Intermediate,3870,205,115
425,Intermediate,96,5C,h+,M210,h+/M210,h+/M216,h+,M216,1,1,677,78,253,Intermediate,2525,82,98
426,Intermediate,96,5C,h+,M210,h+/M210,h+/M216,h+,M216,2,1,677,78,253,Intermediate,2522,41,61
427,Intermediate,96,5C,h+,M210,h+/M210,h+/M216,h+,M216,3,1,677,78,253,Intermediate,2514,157,138
428,Intermediate,96,5D,h+,M216,h+/M216,h+/M210,h+,M210,1,6.1,3803,32,90,Intermediate,3837,172,236
429,Intermediate,96,5D,h+,M216,h+/M216,h+/M210,h+,M210,2,6.1,3803,32,90,Intermediate,3841,164,125
430,Intermediate,96,5D,h+,M216,h+/M216,h+/M210,h+,M210,3,6.1,3803,32,90,Intermediate,3860,138,380
431,Intermediate,96,5E,h-,M216,h-/M216,h-/M210,h-,M210,1,1,686,51,61,Intermediate,2554,43,17
432,Intermediate,96,5E,h-,M216,h-/M216,h-/M210,h-,M210,2,1,686,51,61,Intermediate,2562,9,9
433,Intermediate,96,5E,h-,M216,h-/M216,h-/M210,h-,M210,3,1,686,51,61,Intermediate,2571,29,22
434,Intermediate,96,5F,h+,M210,h+/M210,h+/M216,h+,M216,1,1,678,14,191,Intermediate,2560,0,9
435,Intermediate,96,5F,h+,M210,h+/M210,h+/M216,h+,M216,2,1,678,14,191,Intermediate,2575,46,24
436,Intermediate,96,5G,h-,M210,h-/M210,h-/M216,h-,M216,1,6.1,3804,76,39,Intermediate,3857,97,167
437,Intermediate,96,5G,h-,M210,h-/M210,h-/M216,h-,M216,2,6.1,3804,76,39,Intermediate,3867,107,287
438,Intermediate,96,5G,h-,M210,h-/M210,h-/M216,h-,M216,3,6.1,3804,76,39,Intermediate,3869,98,235
439,Intermediate,24,2A,h+,M216,h+/M216,h+/M210,h+,M210,1,5.3,3569,21,135,Mean,3647,39,121
440,Intermediate,24,2A,h+,M216,h+/M216,h+/M210,h+,M210,2,5.3,3569,21,135,Mean,3652,16,61
441,Intermediate,24,2A,h+,M216,h+/M216,h+/M210,h+,M210,3,5.3,3569,21,135,Mean,3668,71,73
442,Intermediate,24,2B,h-,M216,h-/M216,h-/M210,h-,M210,1,5.3,3570,110,50,Mean,3661,64,126
443,Intermediate,24,2B,h-,M216,h-/M216,h-/M210,h-,M210,2,5.3,3570,110,50,Mean,3648,222,430
444,Intermediate,24,2B,h-,M216,h-/M216,h-/M210,h-,M210,3,5.3,3570,110,50,Mean,3649,132,173
445,Intermediate,24,2C,h-,M216,h-/M216,h-/M210,h-,M210,1,5.3,3571,24,29,Mean,3641,29,70
446,Intermediate,24,2C,h-,M216,h-/M216,h-/M210,h-,M210,2,5.3,3571,24,29,Mean,3659,2,26
447,Intermediate,24,2C,h-,M216,h-/M216,h-/M210,h-,M210,3,5.3,3571,24,29,Mean,3669,1,25
448,Intermediate,24,2D,h-,M210,h-/M210,h-/M216,h-,M216,1,5.3,3572,178,118,Mean,3594,107,95
449,Intermediate,24,2D,h-,M210,h-/M210,h-/M216,h-,M216,2,5.3,3572,178,118,Mean,3595,98,75
450,Intermediate,24,2D,h-,M210,h-/M210,h-/M216,h-,M216,3,5.3,3572,178,118,Mean,3624,129,126
451,Intermediate,24,3A,h-,M216,h-/M216,h-/M210,h-,M210,1,5.3,3573,32,46,Mean,3653,37,81
452,Intermediate,24,3A,h-,M216,h-/M216,h-/M210,h-,M210,2,5.3,3573,32,46,Mean,3658,25,25
453,Intermediate,24,3A,h-,M216,h-/M216,h-/M210,h-,M210,3,5.3,3573,32,46,Mean,3660,14,50
454,Intermediate,24,3B,h+,M210,h+/M210,h+/M216,h+,M216,1,5.3,3574,153,82,Mean,3615,18,96
455,Intermediate,24,3B,h+,M210,h+/M210,h+/M216,h+,M216,2,5.3,3574,153,82,Mean,3617,20,50
456,Intermediate,24,3B,h+,M210,h+/M210,h+/M216,h+,M216,3,5.3,3574,153,82,Mean,3629,21,133
457,Intermediate,24,4A,h+,M216,h+/M216,h+/M210,h+,M210,1,5.3,3576,177,120,Mean,3657,303,129
458,Intermediate,24,4A,h+,M216,h+/M216,h+/M210,h+,M210,2,5.3,3576,177,120,Mean,3671,141,33
459,Intermediate,24,4A,h+,M216,h+/M216,h+/M210,h+,M210,3,5.3,3576,177,120,Mean,3657,276,95
460,Intermediate,24,4C,h+,M216,h+/M216,h+/M210,h+,M210,1,5.3,3577,41,146,Mean,3644,3,204
461,Intermediate,24,4C,h+,M216,h+/M216,h+/M210,h+,M210,2,5.3,3577,41,146,Mean,3654,13,34
462,Intermediate,24,4C,h+,M216,h+/M216,h+/M210,h+,M210,3,5.3,3577,41,146,Mean,3672,6,100
463,Intermediate,24,4D,h+,M210,h+/M210,h+/M216,h+,M216,1,5.3,3578,56,42,Mean,3631,86,27
464,Intermediate,24,4D,h+,M210,h+/M210,h+/M216,h+,M216,2,5.3,3578,56,42,Mean,3608,46,63
465,Intermediate,24,4D,h+,M210,h+/M210,h+/M216,h+,M216,3,5.3,3578,56,42,Mean,3609,35,21
466,Intermediate,24,5A,h+,M210,h+/M210,h+/M216,h+,M216,1,5.3,3579,125,55,Mean,3628,23,270
467,Intermediate,24,5A,h+,M210,h+/M210,h+/M216,h+,M216,2,5.3,3579,125,55,Mean,3622,5,121
468,Intermediate,24,5A,h+,M210,h+/M210,h+/M216,h+,M216,3,5.3,3579,125,55,Mean,3619,5,201
469,Intermediate,24,5B,h-,M216,h-/M216,h-/M210,h-,M210,1,5.3,3580,34,45,Mean,3656,245,111
470,Intermediate,24,5B,h-,M216,h-/M216,h-/M210,h-,M210,2,5.3,3580,34,45,Mean,3665,164,157
471,Intermediate,24,5B,h-,M216,h-/M216,h-/M210,h-,M210,3,5.3,3580,34,45,Mean,3667,170,278
472,Intermediate,24,5C,h+,M216,h+/M216,h+/M210,h+,M210,1,5.3,3581,18,115,Mean,3642,57,32
473,Intermediate,24,5C,h+,M216,h+/M216,h+/M210,h+,M210,2,5.3,3581,18,115,Mean,3650,28,145
474,Intermediate,24,5C,h+,M216,h+/M216,h+/M210,h+,M210,3,5.3,3581,18,115,Mean,3673,0,43
475,Intermediate,24,5D,h-,M210,h-/M210,h-/M216,h-,M216,1,5.3,3582,265,91,Mean,3588,0,57
476,Intermediate,24,5D,h-,M210,h-/M210,h-/M216,h-,M216,2,5.3,3582,265,91,Mean,3607,61,230
477,Intermediate,24,5D,h-,M210,h-/M210,h-/M216,h-,M216,3,5.3,3582,265,91,Mean,3626,0,50
478,Intermediate,24,6B,h-,M210,h-/M210,h-/M216,h-,M216,1,5.3,3583,72,72,Mean,3632,31,95
479,Intermediate,24,6B,h-,M210,h-/M210,h-/M216,h-,M216,2,5.3,3583,72,72,Mean,3634,112,56
480,Intermediate,24,6B,h-,M210,h-/M210,h-/M216,h-,M216,3,5.3,3583,72,72,Mean,3627,184,129
481,Intermediate,24,6C,h-,M210,h-/M210,h-/M216,h-,M216,1,5.3,3584,82,119,Mean,3601,24,98
482,Intermediate,24,6C,h-,M210,h-/M210,h-/M216,h-,M216,2,5.3,3584,82,119,Mean,3585,173,323
483,Intermediate,24,6C,h-,M210,h-/M210,h-/M216,h-,M216,3,5.3,3584,82,119,Mean,3613,61,145
484,Intermediate,96,3B,h-,M216,h-/M216,h-/M210,h-,M210,1,5.3,3553,43,86,Mean,3596,42,100
485,Intermediate,96,3B,h-,M216,h-/M216,h-/M210,h-,M210,2,5.3,3553,43,86,Mean,3606,119,225
486,Intermediate,96,3B,h-,M216,h-/M216,h-/M210,h-,M210,3,5.3,3553,43,86,Mean,3625,80,16
487,Intermediate,96,3C,h-,M216,h-/M216,h-/M210,h-,M210,1,6.1,3800,323,56,Mean,3832,9,7
488,Intermediate,96,3C,h-,M216,h-/M216,h-/M210,h-,M210,2,6.1,3800,323,56,Mean,3833,14,12
489,Intermediate,96,3C,h-,M216,h-/M216,h-/M210,h-,M210,3,6.1,3800,323,56,Mean,3834,16,0
490,Intermediate,96,3D,h+,M210,h+/M210,h+/M216,h+,M216,1,5.3,3555,21,71,Mean,3621,19,14
491,Intermediate,96,3D,h+,M210,h+/M210,h+/M216,h+,M216,2,5.3,3555,21,71,Mean,3636,70,21
492,Intermediate,96,3D,h+,M210,h+/M210,h+/M216,h+,M216,3,5.3,3555,21,71,Mean,3638,42,14
493,Intermediate,96,3E,h-,M210,h-/M210,h-/M216,h-,M216,1,5.3,3556,91,50,Mean,3598,202,145
494,Intermediate,96,3E,h-,M210,h-/M210,h-/M216,h-,M216,2,5.3,3556,91,50,Mean,3605,136,118
495,Intermediate,96,3E,h-,M210,h-/M210,h-/M216,h-,M216,3,5.3,3556,91,50,Mean,3623,58,52
496,Intermediate,96,3F,h+,M216,h+/M216,h+/M210,h+,M210,1,5.3,3557,169,133,Mean,3639,462,140
497,Intermediate,96,3F,h+,M216,h+/M216,h+/M210,h+,M210,2,5.3,3557,169,133,Mean,3664,458,149
498,Intermediate,96,3F,h+,M216,h+/M216,h+/M210,h+,M210,3,5.3,3557,169,133,Mean,3643,507,260
499,Intermediate,96,3G,h+,M216,h+/M216,h+/M210,h+,M210,1,5.3,3558,106,91,Mean,3663,76,125
500,Intermediate,96,3G,h+,M216,h+/M216,h+/M210,h+,M210,2,5.3,3558,106,91,Mean,3670,227,218
501,Intermediate,96,3G,h+,M216,h+/M216,h+/M210,h+,M210,3,5.3,3558,106,91,Mean,3674,55,58
502,Intermediate,96,4B,h+,M216,h+/M216,h+/M210,h+,M210,1,5.3,3559,4,150,Mean,3645,10,258
503,Intermediate,96,4B,h+,M216,h+/M216,h+/M210,h+,M210,2,5.3,3559,4,150,Mean,3651,3,86
504,Intermediate,96,4B,h+,M216,h+/M216,h+/M210,h+,M210,3,5.3,3559,4,150,Mean,3666,32,147
505,Intermediate,96,4D,h-,M210,h-/M210,h-/M216,h-,M216,1,5.3,3560,43,55,Mean,3599,67,46
506,Intermediate,96,4D,h-,M210,h-/M210,h-/M216,h-,M216,2,5.3,3560,43,55,Mean,3612,46,76
507,Intermediate,96,4D,h-,M210,h-/M210,h-/M216,h-,M216,3,5.3,3560,43,55,Mean,3635,53,85
508,Intermediate,96,4E,h-,M210,h-/M210,h-/M216,h-,M216,1,5.3,3561,47,83,Mean,3586,360,138
509,Intermediate,96,4E,h-,M210,h-/M210,h-/M216,h-,M216,2,5.3,3561,47,83,Mean,3593,177,108
510,Intermediate,96,4E,h-,M210,h-/M210,h-/M216,h-,M216,3,5.3,3561,47,83,Mean,3633,191,135
511,Intermediate,96,4G,h+,M210,h+/M210,h+/M216,h+,M216,1,5.3,3562,192,65,Mean,3610,108,117
512,Intermediate,96,4G,h+,M210,h+/M210,h+/M216,h+,M216,2,5.3,3562,192,65,Mean,3614,28,25
513,Intermediate,96,4G,h+,M210,h+/M210,h+/M216,h+,M216,3,5.3,3562,192,65,Mean,3604,101,75
514,Intermediate,96,5B,h-,M216,h-/M216,h-/M210,h-,M210,1,5.3,3563,29,56,Mean,3618,4,132
515,Intermediate,96,5B,h-,M216,h-/M216,h-/M210,h-,M210,2,5.3,3563,29,56,Mean,3591,37,313
516,Intermediate,96,5B,h-,M216,h-/M216,h-/M210,h-,M210,3,5.3,3563,29,56,Mean,3592,40,357
517,Intermediate,96,5C,h+,M210,h+/M210,h+/M216,h+,M216,1,5.3,3564,81,75,Mean,3589,101,111
518,Intermediate,96,5C,h+,M210,h+/M210,h+/M216,h+,M216,2,5.3,3564,81,75,Mean,3602,9,48
519,Intermediate,96,5C,h+,M210,h+/M210,h+/M216,h+,M216,3,5.3,3564,81,75,Mean,3616,154,143
520,Intermediate,96,5D,h+,M216,h+/M216,h+/M210,h+,M210,1,5.3,3565,96,156,Mean,3646,44,266
521,Intermediate,96,5D,h+,M216,h+/M216,h+/M210,h+,M210,2,5.3,3565,96,156,Mean,3662,35,208
522,Intermediate,96,5D,h+,M216,h+/M216,h+/M210,h+,M210,3,5.3,3565,96,156,Mean,3640,53,481
523,Intermediate,96,5E,h-,M216,h-/M216,h-/M210,h-,M210,1,5.3,3566,69,61,Mean,3590,146,156
524,Intermediate,96,5E,h-,M216,h-/M216,h-/M210,h-,M210,2,5.3,3566,69,61,Mean,3587,246,224
525,Intermediate,96,5E,h-,M216,h-/M216,h-/M210,h-,M210,3,5.3,3566,69,61,Mean,3611,68,120
526,Intermediate,96,5F,h+,M210,h+/M210,h+/M216,h+,M216,1,5.3,3567,3,93,Mean,3620,71,40
527,Intermediate,96,5F,h+,M210,h+/M210,h+/M216,h+,M216,2,5.3,3567,3,93,Mean,3630,54,25
528,Intermediate,96,5F,h+,M210,h+/M210,h+/M216,h+,M216,3,5.3,3567,3,93,Mean,3637,60,34
529,Intermediate,96,5G,h-,M210,h-/M210,h-/M216,h-,M216,1,5.3,3568,137,110,Mean,3597,103,73
530,Intermediate,96,5G,h-,M210,h-/M210,h-/M216,h-,M216,2,5.3,3568,137,110,Mean,3600,105,68
531,Intermediate,96,5G,h-,M210,h-/M210,h-/M216,h-,M216,3,5.3,3568,137,110,Mean,3603,93,125
532,Mean,24,2A,h+,M216,h+/M216,h+/M210,h+,M210,1,6.2,3929,3,38,Extreme,3986,0,230
533,Mean,24,2A,h+,M216,h+/M216,h+/M210,h+,M210,2,6.2,3929,3,38,Extreme,3989,0,64
534,Mean,24,2A,h+,M216,h+/M216,h+/M210,h+,M210,3,6.2,3929,3,38,Extreme,3996,0,252
535,Mean,24,2B,h-,M216,h-/M216,h-/M210,h-,M210,1,5.4,3692,13,54,Extreme,3766,39,177
536,Mean,24,2B,h-,M216,h-/M216,h-/M210,h-,M210,2,5.4,3692,13,54,Extreme,3784,3,16
537,Mean,24,2B,h-,M216,h-/M216,h-/M210,h-,M210,3,5.4,3692,13,54,Extreme,3789,32,115
538,Mean,24,2C,h-,M216,h-/M216,h-/M210,h-,M210,1,5.4,3693,102,68,Extreme,3771,1,64
539,Mean,24,2C,h-,M216,h-/M216,h-/M210,h-,M210,2,5.4,3693,102,68,Extreme,3772,8,147
540,Mean,24,2C,h-,M216,h-/M216,h-/M210,h-,M210,3,5.4,3693,102,68,Extreme,3778,4,64
541,Mean,24,2D,h-,M210,h-/M210,h-/M216,h-,M216,1,5.4,3694,100,63,Extreme,3712,18,169
542,Mean,24,2D,h-,M210,h-/M210,h-/M216,h-,M216,2,5.4,3694,100,63,Extreme,3721,14,181
543,Mean,24,2D,h-,M210,h-/M210,h-/M216,h-,M216,3,5.4,3694,100,63,Extreme,3728,16,187
544,Mean,24,3A,h-,M216,h-/M216,h-/M210,h-,M210,1,5.4,3695,22,41,Extreme,3764,7,172
545,Mean,24,3A,h-,M216,h-/M216,h-/M210,h-,M210,2,5.4,3695,22,41,Extreme,3781,17,131
546,Mean,24,3A,h-,M216,h-/M216,h-/M210,h-,M210,3,5.4,3695,22,41,Extreme,3785,5,81
547,Mean,24,3B,h+,M210,h+/M210,h+/M216,h+,M216,1,5.4,3696,90,84,Extreme,3714,0,168
548,Mean,24,3B,h+,M210,h+/M210,h+/M216,h+,M216,2,5.4,3696,90,84,Extreme,3727,0,183
549,Mean,24,3B,h+,M210,h+/M210,h+/M216,h+,M216,3,5.4,3696,90,84,Extreme,3716,0,284
550,Mean,24,3D,h+,M210,h+/M210,h+/M216,h+,M216,1,5.4,3697,37,92,Extreme,3729,0,201
551,Mean,24,3D,h+,M210,h+/M210,h+/M216,h+,M216,2,5.4,3697,37,92,Extreme,3753,0,333
552,Mean,24,3D,h+,M210,h+/M210,h+/M216,h+,M216,3,5.4,3697,37,92,Extreme,3755,0,178
553,Mean,24,4A,h+,M216,h+/M216,h+/M210,h+,M210,1,5.4,3698,61,106,Extreme,3782,12,106
554,Mean,24,4A,h+,M216,h+/M216,h+/M210,h+,M210,2,5.4,3698,61,106,Extreme,3796,49,311
555,Mean,24,4A,h+,M216,h+/M216,h+/M210,h+,M210,3,5.4,3698,61,106,Extreme,3798,5,161
556,Mean,24,4C,h+,M216,h+/M216,h+/M210,h+,M210,1,5.4,3699,16,109,Extreme,3792,0,196
557,Mean,24,4C,h+,M216,h+/M216,h+/M210,h+,M210,2,5.4,3699,16,109,Extreme,3794,0,121
558,Mean,24,4C,h+,M216,h+/M216,h+/M210,h+,M210,3,5.4,3699,16,109,Extreme,3763,0,325
559,Mean,24,4D,h+,M210,h+/M210,h+/M216,h+,M216,1,5.4,3700,28,103,Extreme,3752,0,232
560,Mean,24,4D,h+,M210,h+/M210,h+/M216,h+,M216,2,5.4,3700,28,103,Extreme,3742,0,126
561,Mean,24,4D,h+,M210,h+/M210,h+/M216,h+,M216,3,5.4,3700,28,103,Extreme,3756,0,289
562,Mean,24,5A,h+,M210,h+/M210,h+/M216,h+,M216,1,5.4,3703,63,87,Extreme,3715,6,97
563,Mean,24,5A,h+,M210,h+/M210,h+/M216,h+,M216,2,5.4,3703,63,87,Extreme,3748,86,121
564,Mean,24,5A,h+,M210,h+/M210,h+/M216,h+,M216,3,5.4,3703,63,87,Extreme,3762,5,94
565,Mean,24,5B,h-,M216,h-/M216,h-/M210,h-,M210,1,5.4,3704,37,57,Extreme,3773,0,307
566,Mean,24,5B,h-,M216,h-/M216,h-/M210,h-,M210,2,5.4,3704,37,57,Extreme,3795,0,73
567,Mean,24,5B,h-,M216,h-/M216,h-/M210,h-,M210,3,5.4,3704,37,57,Extreme,3780,0,62
568,Mean,24,5C,h+,M216,h+/M216,h+/M210,h+,M210,1,5.4,3705,34,109,Extreme,3783,1,92
569,Mean,24,5C,h+,M216,h+/M216,h+/M210,h+,M210,2,5.4,3705,34,109,Extreme,3787,30,332
570,Mean,24,5C,h+,M216,h+/M216,h+/M210,h+,M210,3,5.4,3705,34,109,Extreme,3765,20,282
571,Mean,24,5D,h-,M210,h-/M210,h-/M216,h-,M216,1,5.4,3706,115,51,Extreme,3751,0,164
572,Mean,24,5D,h-,M210,h-/M210,h-/M216,h-,M216,2,5.4,3706,115,51,Extreme,3738,3,206
573,Mean,24,5D,h-,M210,h-/M210,h-/M216,h-,M216,3,5.4,3706,115,51,Extreme,3747,0,85
574,Mean,24,6B,h-,M210,h-/M210,h-/M216,h-,M216,1,5.4,3701,59,74,Extreme,3719,2,361
575,Mean,24,6B,h-,M210,h-/M210,h-/M216,h-,M216,2,5.4,3701,59,74,Extreme,3746,1,100
576,Mean,24,6B,h-,M210,h-/M210,h-/M216,h-,M216,3,5.4,3701,59,74,Extreme,3757,0,392
577,Mean,24,6C,h-,M210,h-/M210,h-/M216,h-,M216,1,5.4,3702,33,76,Extreme,3722,0,123
578,Mean,24,6C,h-,M210,h-/M210,h-/M216,h-,M216,2,5.4,3702,33,76,Extreme,3723,39,412
579,Mean,24,6C,h-,M210,h-/M210,h-/M216,h-,M216,3,5.4,3702,33,76,Extreme,3724,10,206
580,Mean,96,3B,h-,M216,h-/M216,h-/M210,h-,M210,1,5.4,3675,54,62,Extreme,3710,20,126
581,Mean,96,3B,h-,M216,h-/M216,h-/M210,h-,M210,2,5.4,3675,54,62,Extreme,3720,11,171
582,Mean,96,3B,h-,M216,h-/M216,h-/M210,h-,M210,3,5.4,3675,54,62,Extreme,3730,8,43
583,Mean,96,3C,h-,M216,h-/M216,h-/M210,h-,M210,1,5.4,3676,12,53,Extreme,3735,1,119
584,Mean,96,3C,h-,M216,h-/M216,h-/M210,h-,M210,2,5.4,3676,12,53,Extreme,3736,0,61
585,Mean,96,3C,h-,M216,h-/M216,h-/M210,h-,M210,3,5.4,3676,12,53,Extreme,3740,5,130
586,Mean,96,3D,h+,M210,h+/M210,h+/M216,h+,M216,1,5.4,3677,102,72,Extreme,3732,73,79
587,Mean,96,3D,h+,M210,h+/M210,h+/M216,h+,M216,2,5.4,3677,102,72,Extreme,3750,41,153
588,Mean,96,3D,h+,M210,h+/M210,h+/M216,h+,M216,3,5.4,3677,102,72,Extreme,3761,16,191
589,Mean,96,3E,h-,M210,h-/M210,h-/M216,h-,M216,1,5.4,3678,109,70,Extreme,3717,18,123
590,Mean,96,3E,h-,M210,h-/M210,h-/M216,h-,M216,2,5.4,3678,109,70,Extreme,3754,9,110
591,Mean,96,3E,h-,M210,h-/M210,h-/M216,h-,M216,3,5.4,3678,109,70,Extreme,3758,38,4
592,Mean,96,3F,h+,M216,h+/M216,h+/M210,h+,M210,1,5.4,3679,85,82,Extreme,3777,14,72
593,Mean,96,3F,h+,M216,h+/M216,h+/M210,h+,M210,2,5.4,3679,85,82,Extreme,3779,2,42
594,Mean,96,3F,h+,M216,h+/M216,h+/M210,h+,M210,3,5.4,3679,85,82,Extreme,3786,6,98
595,Mean,96,3G,h+,M216,h+/M216,h+/M210,h+,M210,1,5.4,3680,66,84,Extreme,3768,11,302
596,Mean,96,3G,h+,M216,h+/M216,h+/M210,h+,M210,2,5.4,3680,66,84,Extreme,3774,2,105
597,Mean,96,3G,h+,M216,h+/M216,h+/M210,h+,M210,3,5.4,3680,66,84,Extreme,3790,2,82
598,Mean,96,4B,h+,M216,h+/M216,h+/M210,h+,M210,1,6.2,3925,43,95,Extreme,3988,8,201
599,Mean,96,4B,h+,M216,h+/M216,h+/M210,h+,M210,2,6.2,3925,43,95,Extreme,3991,0,234
600,Mean,96,4B,h+,M216,h+/M216,h+/M210,h+,M210,3,6.2,3925,43,95,Extreme,3995,0,107
601,Mean,96,4D,h-,M210,h-/M210,h-/M216,h-,M216,1,6.2,3926,10,42,Extreme,3992,0,235
602,Mean,96,4D,h-,M210,h-/M210,h-/M216,h-,M216,2,6.2,3926,10,42,Extreme,3994,0,114
603,Mean,96,4D,h-,M210,h-/M210,h-/M216,h-,M216,3,6.2,3926,10,42,Extreme,3997,0,416
604,Mean,96,4E,h-,M210,h-/M210,h-/M216,h-,M216,1,5.4,3683,85,86,Extreme,3711,82,705
605,Mean,96,4E,h-,M210,h-/M210,h-/M216,h-,M216,2,5.4,3683,85,86,Extreme,3718,29,327
606,Mean,96,4G,h+,M210,h+/M210,h+/M216,h+,M216,1,5.4,3684,144,70,Extreme,3708,51,239
607,Mean,96,4G,h+,M210,h+/M210,h+/M216,h+,M216,2,5.4,3684,144,70,Extreme,3731,0,0
608,Mean,96,4G,h+,M210,h+/M210,h+/M216,h+,M216,3,5.4,3684,144,70,Extreme,3749,9,134
609,Mean,96,5B,h-,M216,h-/M216,h-/M210,h-,M210,1,5.4,3685,54,49,Extreme,3709,18,148
610,Mean,96,5B,h-,M216,h-/M216,h-/M210,h-,M210,2,5.4,3685,54,49,Extreme,3725,6,138
611,Mean,96,5B,h-,M216,h-/M216,h-/M210,h-,M210,3,5.4,3685,54,49,Extreme,3760,7,56
612,Mean,96,5C,h+,M210,h+/M210,h+/M216,h+,M216,1,6.2,3927,159,73,Extreme,3987,0,287
613,Mean,96,5C,h+,M210,h+/M210,h+/M216,h+,M216,2,6.2,3927,159,73,Extreme,3990,0,268
614,Mean,96,5C,h+,M210,h+/M210,h+/M216,h+,M216,3,6.2,3927,159,73,Extreme,3993,0,105
615,Mean,96,5D,h+,M216,h+/M216,h+/M210,h+,M210,1,5.4,3687,13,92,Extreme,3770,2,385
616,Mean,96,5D,h+,M216,h+/M216,h+/M210,h+,M210,2,5.4,3687,13,92,Extreme,3788,0,77
617,Mean,96,5D,h+,M216,h+/M216,h+/M210,h+,M210,3,5.4,3687,13,92,Extreme,3791,1,257
618,Mean,96,5E,h-,M216,h-/M216,h-/M210,h-,M210,1,5.4,3688,112,55,Extreme,3737,151,90
619,Mean,96,5E,h-,M216,h-/M216,h-/M210,h-,M210,2,5.4,3688,112,55,Extreme,3741,119,73
620,Mean,96,5E,h-,M216,h-/M216,h-/M210,h-,M210,3,5.4,3688,112,55,Extreme,3744,164,38
621,Mean,96,5F,h+,M210,h+/M210,h+/M216,h+,M216,1,5.4,3689,216,67,Extreme,3713,93,106
622,Mean,96,5F,h+,M210,h+/M210,h+/M216,h+,M216,2,5.4,3689,216,67,Extreme,3733,38,15
623,Mean,96,5F,h+,M210,h+/M210,h+/M216,h+,M216,3,5.4,3689,216,67,Extreme,3743,33,69
624,Mean,96,5G,h-,M210,h-/M210,h-/M216,h-,M216,1,5.4,3690,91,64,Extreme,3734,0,92
625,Mean,96,5G,h-,M210,h-/M210,h-/M216,h-,M216,2,5.4,3690,91,64,Extreme,3739,13,309
626,Mean,96,5G,h-,M210,h-/M210,h-/M216,h-,M216,3,5.4,3690,91,64,Extreme,3759,6,141
627,Mean,24,2A,h+,M216,h+/M216,h+/M210,h+,M210,1,2.2,857,22,25,Fast,2380,170,259
628,Mean,24,2A,h+,M216,h+/M216,h+/M210,h+,M210,2,2.2,857,22,25,Fast,2385,6,320
629,Mean,24,2A,h+,M216,h+/M216,h+/M210,h+,M210,3,2.2,857,22,25,Fast,2388,10,493
630,Mean,24,2B,h-,M216,h-/M216,h-/M210,h-,M210,1,2.2,849,26,23,Fast,2365,43,211
631,Mean,24,2B,h-,M216,h-/M216,h-/M210,h-,M210,2,2.2,849,26,23,Fast,2371,26,126
632,Mean,24,2B,h-,M216,h-/M216,h-/M210,h-,M210,3,2.2,849,26,23,Fast,2382,9,67
633,Mean,24,2C,h-,M216,h-/M216,h-/M210,h-,M210,1,6.2,3930,2,85,Fast,3967,50,110
634,Mean,24,2C,h-,M216,h-/M216,h-/M210,h-,M210,2,6.2,3930,2,85,Fast,3976,15,19
635,Mean,24,2C,h-,M216,h-/M216,h-/M210,h-,M210,3,6.2,3930,2,85,Fast,3979,44,114
636,Mean,24,2D,h-,M210,h-/M210,h-/M216,h-,M216,1,6.2,3931,127,47,Fast,3965,186,182
637,Mean,24,2D,h-,M210,h-/M210,h-/M216,h-,M216,2,6.2,3931,127,47,Fast,3977,214,167
638,Mean,24,2D,h-,M210,h-/M210,h-/M216,h-,M216,3,6.2,3931,127,47,Fast,3984,91,81
639,Mean,24,3A,h-,M216,h-/M216,h-/M210,h-,M210,1,2.2,851,5,38,Fast,2363,20,180
640,Mean,24,3A,h-,M216,h-/M216,h-/M210,h-,M210,2,2.2,851,5,38,Fast,2372,61,402
641,Mean,24,3A,h-,M216,h-/M216,h-/M210,h-,M210,3,2.2,851,5,38,Fast,2386,62,170
642,Mean,24,3B,h+,M210,h+/M210,h+/M216,h+,M216,1,2.2,841,45,43,Fast,2297,20,492
643,Mean,24,3B,h+,M210,h+/M210,h+/M216,h+,M216,2,2.2,841,45,43,Fast,2316,56,208
644,Mean,24,3B,h+,M210,h+/M210,h+/M216,h+,M216,3,2.2,841,45,43,Fast,2353,23,158
645,Mean,24,3D,h+,M210,h+/M210,h+/M216,h+,M216,1,2.2,842,15,31,Fast,2292,1,27
646,Mean,24,3D,h+,M210,h+/M210,h+/M216,h+,M216,2,2.2,842,15,31,Fast,2321,111,496
647,Mean,24,3D,h+,M210,h+/M210,h+/M216,h+,M216,3,2.2,842,15,31,Fast,2348,57,160
648,Mean,24,4A,h+,M216,h+/M216,h+/M210,h+,M210,1,2.2,858,7,38,Fast,2362,69,635
649,Mean,24,4A,h+,M216,h+/M216,h+/M210,h+,M210,2,2.2,858,7,38,Fast,2366,27,260
650,Mean,24,4A,h+,M216,h+/M216,h+/M210,h+,M210,3,2.2,858,7,38,Fast,2373,60,104
651,Mean,24,4C,h+,M216,h+/M216,h+/M210,h+,M210,1,6.2,3932,13,81,Fast,3973,15,14
652,Mean,24,4C,h+,M216,h+/M216,h+/M210,h+,M210,2,6.2,3932,13,81,Fast,3975,30,72
653,Mean,24,4C,h+,M216,h+/M216,h+/M210,h+,M210,3,6.2,3932,13,81,Fast,3978,51,156
654,Mean,24,4D,h+,M210,h+/M210,h+/M216,h+,M216,1,6.2,3933,33,61,Fast,3971,93,122
655,Mean,24,4D,h+,M210,h+/M210,h+/M216,h+,M216,2,6.2,3933,33,61,Fast,3982,62,70
656,Mean,24,4D,h+,M210,h+/M210,h+/M216,h+,M216,3,6.2,3933,33,61,Fast,3983,64,60
657,Mean,24,5A,h+,M210,h+/M210,h+/M216,h+,M216,1,2.2,844,16,46,Fast,2305,140,403
658,Mean,24,5A,h+,M210,h+/M210,h+/M216,h+,M216,2,2.2,844,16,46,Fast,2318,183,316
659,Mean,24,5A,h+,M210,h+/M210,h+/M216,h+,M216,3,2.2,844,16,46,Fast,2339,235,465
660,Mean,24,5B,h-,M216,h-/M216,h-/M210,h-,M210,1,2.2,852,8,17,Fast,2357,82,160
661,Mean,24,5B,h-,M216,h-/M216,h-/M210,h-,M210,2,2.2,852,8,17,Fast,2376,97,377
662,Mean,24,5B,h-,M216,h-/M216,h-/M210,h-,M210,3,2.2,852,8,17,Fast,2378,48,296
663,Mean,24,5C,h+,M216,h+/M216,h+/M210,h+,M210,1,6.2,3934,32,82,Fast,3966,228,549
664,Mean,24,5C,h+,M216,h+/M216,h+/M210,h+,M210,2,6.2,3934,32,82,Fast,3968,274,434
665,Mean,24,5C,h+,M216,h+/M216,h+/M210,h+,M210,3,6.2,3934,32,82,Fast,3981,86,183
666,Mean,24,5D,h-,M210,h-/M210,h-/M216,h-,M216,1,6.2,3935,3,62,Fast,3970,81,218
667,Mean,24,5D,h-,M210,h-/M210,h-/M216,h-,M216,2,6.2,3935,3,62,Fast,3972,203,72
668,Mean,24,5D,h-,M210,h-/M210,h-/M216,h-,M216,3,6.2,3935,3,62,Fast,3980,130,173
669,Mean,24,6C,h-,M210,h-/M210,h-/M216,h-,M216,1,6.2,3937,61,53,Fast,3963,75,121
670,Mean,24,6C,h-,M210,h-/M210,h-/M216,h-,M216,2,6.2,3937,61,53,Fast,3964,157,246
671,Mean,24,6C,h-,M210,h-/M210,h-/M216,h-,M216,3,6.2,3937,61,53,Fast,3969,99,206
672,Mean,96,3B,h-,M216,h-/M216,h-/M210,h-,M210,1,2.2,845,25,22,Fast,2290,57,26
673,Mean,96,3B,h-,M216,h-/M216,h-/M210,h-,M210,2,2.2,845,25,22,Fast,2302,15,12
674,Mean,96,3B,h-,M216,h-/M216,h-/M210,h-,M210,3,2.2,845,25,22,Fast,2324,288,165
675,Mean,96,3C,h-,M216,h-/M216,h-/M210,h-,M210,1,2.2,846,37,21,Fast,2294,63,123
676,Mean,96,3C,h-,M216,h-/M216,h-/M210,h-,M210,2,2.2,846,37,21,Fast,2331,165,330
677,Mean,96,3C,h-,M216,h-/M216,h-/M210,h-,M210,3,2.2,846,37,21,Fast,2340,52,206
678,Mean,96,3D,h+,M210,h+/M210,h+/M216,h+,M216,1,2.2,837,7,32,Fast,2306,301,431
679,Mean,96,3D,h+,M210,h+/M210,h+/M216,h+,M216,2,2.2,837,7,32,Fast,2320,208,290
680,Mean,96,3D,h+,M210,h+/M210,h+/M216,h+,M216,3,2.2,837,7,32,Fast,2346,318,378
681,Mean,96,3E,h-,M210,h-/M210,h-/M216,h-,M216,1,2.2,826,17,55,Fast,2322,235,482
682,Mean,96,3E,h-,M210,h-/M210,h-/M216,h-,M216,2,2.2,826,17,55,Fast,2327,57,155
683,Mean,96,3E,h-,M210,h-/M210,h-/M216,h-,M216,3,2.2,826,17,55,Fast,2347,194,403
684,Mean,96,3F,h+,M216,h+/M216,h+/M210,h+,M210,1,2.2,853,12,31,Fast,2358,54,205
685,Mean,96,3F,h+,M216,h+/M216,h+/M210,h+,M210,2,2.2,853,12,31,Fast,2377,29,618
686,Mean,96,3G,h+,M216,h+/M216,h+/M210,h+,M210,1,2.2,854,47,19,Fast,2361,200,330
687,Mean,96,3G,h+,M216,h+/M216,h+/M210,h+,M210,2,2.2,854,47,19,Fast,2368,157,155
688,Mean,96,3G,h+,M216,h+/M216,h+/M210,h+,M210,3,2.2,854,47,19,Fast,2369,239,262
689,Mean,96,4B,h+,M216,h+/M216,h+/M210,h+,M210,1,2.2,855,121,37,Fast,2360,198,46
690,Mean,96,4B,h+,M216,h+/M216,h+/M210,h+,M210,2,2.2,855,121,37,Fast,2381,1,309
691,Mean,96,4B,h+,M216,h+/M216,h+/M210,h+,M210,3,2.2,855,121,37,Fast,2384,123,417
692,Mean,96,4D,h-,M210,h-/M210,h-/M216,h-,M216,1,2.2,828,85,37,Fast,2308,164,1048
693,Mean,96,4D,h-,M210,h-/M210,h-/M216,h-,M216,2,2.2,828,85,37,Fast,2313,91,219
694,Mean,96,4D,h-,M210,h-/M210,h-/M216,h-,M216,3,2.2,828,85,37,Fast,2349,43,629
695,Mean,96,4E,h-,M210,h-/M210,h-/M216,h-,M216,1,2.2,829,21,45,Fast,2296,241,165
696,Mean,96,4E,h-,M210,h-/M210,h-/M216,h-,M216,2,2.2,829,21,45,Fast,2315,402,239
697,Mean,96,4E,h-,M210,h-/M210,h-/M216,h-,M216,3,2.2,829,21,45,Fast,2344,305,258
698,Mean,96,4G,h+,M210,h+/M210,h+/M216,h+,M216,1,2.2,838,39,37,Fast,2303,66,236
699,Mean,96,4G,h+,M210,h+/M210,h+/M216,h+,M216,2,2.2,838,39,37,Fast,2307,78,246
700,Mean,96,4G,h+,M210,h+/M210,h+/M216,h+,M216,3,2.2,838,39,37,Fast,2317,105,337
701,Mean,96,5B,h-,M216,h-/M216,h-/M210,h-,M210,1,2.2,847,11,26,Fast,2325,77,279
702,Mean,96,5B,h-,M216,h-/M216,h-/M210,h-,M210,2,2.2,847,11,26,Fast,2332,103,314
703,Mean,96,5B,h-,M216,h-/M216,h-/M210,h-,M210,3,2.2,847,11,26,Fast,2335,26,154
704,Mean,96,5C,h+,M210,h+/M210,h+/M216,h+,M216,1,2.2,839,15,25,Fast,2301,194,126
705,Mean,96,5C,h+,M210,h+/M210,h+/M216,h+,M216,2,2.2,839,15,25,Fast,2312,146,136
706,Mean,96,5C,h+,M210,h+/M210,h+/M216,h+,M216,3,2.2,839,15,25,Fast,2334,91,122
707,Mean,96,5D,h+,M216,h+/M216,h+/M210,h+,M210,1,2.2,856,45,20,Fast,2354,66,129
708,Mean,96,5D,h+,M216,h+/M216,h+/M210,h+,M210,2,2.2,856,45,20,Fast,2364,224,28
709,Mean,96,5D,h+,M216,h+/M216,h+/M210,h+,M210,3,2.2,856,45,20,Fast,2375,93,166
710,Mean,96,5E,h-,M216,h-/M216,h-/M210,h-,M210,1,2.2,848,19,23,Fast,2304,214,193
711,Mean,96,5E,h-,M216,h-/M216,h-/M210,h-,M210,2,2.2,848,19,23,Fast,2330,234,234
712,Mean,96,5E,h-,M216,h-/M216,h-/M210,h-,M210,3,2.2,848,19,23,Fast,2337,480,373
713,Mean,96,5F,h+,M210,h+/M210,h+/M216,h+,M216,1,6.2,3928,35,56,Fast,3962,142,69
714,Mean,96,5F,h+,M210,h+/M210,h+/M216,h+,M216,2,6.2,3928,35,56,Fast,3974,124,59
715,Mean,96,5F,h+,M210,h+/M210,h+/M216,h+,M216,3,6.2,3928,35,56,Fast,3985,102,66
716,Mean,96,5G,h-,M210,h-/M210,h-/M216,h-,M216,1,2.2,830,9,33,Fast,2293,107,406
717,Mean,96,5G,h-,M210,h-/M210,h-/M216,h-,M216,2,2.2,830,9,33,Fast,2299,119,457
718,Mean,96,5G,h-,M210,h-/M210,h-/M216,h-,M216,3,2.2,830,9,33,Fast,2323,242,956
719,Mean,24,2A,h+,M216,h+/M216,h+/M210,h+,M210,1,6.1,3821,34,68,Intermediate,3897,5,233
720,Mean,24,2A,h+,M216,h+/M216,h+/M210,h+,M210,2,6.1,3821,34,68,Intermediate,3911,45,552
721,Mean,24,2A,h+,M216,h+/M216,h+/M210,h+,M210,3,6.1,3821,34,68,Intermediate,3914,3,150
722,Mean,24,2B,h-,M216,h-/M216,h-/M210,h-,M210,1,6.1,3822,39,60,Intermediate,3885,348,36
723,Mean,24,2B,h-,M216,h-/M216,h-/M210,h-,M210,2,6.1,3822,39,60,Intermediate,3901,305,86
724,Mean,24,2B,h-,M216,h-/M216,h-/M210,h-,M210,3,6.1,3822,39,60,Intermediate,3903,336,11
725,Mean,24,2C,h-,M216,h-/M216,h-/M210,h-,M210,1,1,720,49,35,Intermediate,2466,6,52
726,Mean,24,2C,h-,M216,h-/M216,h-/M210,h-,M210,2,1,720,49,35,Intermediate,2476,25,66
727,Mean,24,2C,h-,M216,h-/M216,h-/M210,h-,M210,3,1,720,49,35,Intermediate,2507,0,51
728,Mean,24,2D,h-,M210,h-/M210,h-/M216,h-,M216,1,1,703,7,138,Intermediate,2391,84,224
729,Mean,24,2D,h-,M210,h-/M210,h-/M216,h-,M216,2,1,703,7,138,Intermediate,2409,4,555
730,Mean,24,2D,h-,M210,h-/M210,h-/M216,h-,M216,3,1,703,7,138,Intermediate,2414,70,533
731,Mean,24,3A,h-,M216,h-/M216,h-/M210,h-,M210,1,1,754,2,79,Intermediate,2467,68,53
732,Mean,24,3A,h-,M216,h-/M216,h-/M210,h-,M210,2,1,754,2,79,Intermediate,2483,9,56
733,Mean,24,3A,h-,M216,h-/M216,h-/M210,h-,M210,3,1,754,2,79,Intermediate,2501,3,27
734,Mean,24,3B,h+,M210,h+/M210,h+/M216,h+,M216,1,6.1,3823,30,49,Intermediate,3883,0,242
735,Mean,24,3B,h+,M210,h+/M210,h+/M216,h+,M216,2,6.1,3823,30,49,Intermediate,3910,0,327
736,Mean,24,3B,h+,M210,h+/M210,h+/M216,h+,M216,3,6.1,3823,30,49,Intermediate,3921,0,375
737,Mean,24,3D,h+,M210,h+/M210,h+/M216,h+,M216,1,6.1,3824,31,61,Intermediate,3918,161,523
738,Mean,24,3D,h+,M210,h+/M210,h+/M216,h+,M216,2,6.1,3824,31,61,Intermediate,3919,204,237
739,Mean,24,3D,h+,M210,h+/M210,h+/M216,h+,M216,3,6.1,3824,31,61,Intermediate,3924,81,239
740,Mean,24,4A,h+,M216,h+/M216,h+/M210,h+,M210,1,1,758,9,41,Intermediate,2455,0,5
741,Mean,24,4A,h+,M216,h+/M216,h+/M210,h+,M210,2,1,758,9,41,Intermediate,2497,0,5
742,Mean,24,4A,h+,M216,h+/M216,h+/M210,h+,M210,3,1,758,9,41,Intermediate,2511,31,8
743,Mean,24,4C,h+,M216,h+/M216,h+/M210,h+,M210,1,6.1,3825,65,64,Intermediate,3886,0,613
744,Mean,24,4C,h+,M216,h+/M216,h+/M210,h+,M210,2,6.1,3825,65,64,Intermediate,3894,17,455
745,Mean,24,4C,h+,M216,h+/M216,h+/M210,h+,M210,3,6.1,3825,65,64,Intermediate,3898,8,309
746,Mean,24,4D,h+,M210,h+/M210,h+/M216,h+,M216,1,6.1,3826,59,67,Intermediate,3889,43,695
747,Mean,24,4D,h+,M210,h+/M210,h+/M216,h+,M216,2,6.1,3826,59,67,Intermediate,3890,8,577
748,Mean,24,4D,h+,M210,h+/M210,h+/M216,h+,M216,3,6.1,3826,59,67,Intermediate,3906,11,433
749,Mean,24,5A,h+,M210,h+/M210,h+/M216,h+,M216,1,6.1,3827,74,62,Intermediate,3892,251,241
750,Mean,24,5A,h+,M210,h+/M210,h+/M216,h+,M216,2,6.1,3827,74,62,Intermediate,3893,997,923
751,Mean,24,5A,h+,M210,h+/M210,h+/M216,h+,M216,3,6.1,3827,74,62,Intermediate,3902,320,142
752,Mean,24,5B,h-,M216,h-/M216,h-/M210,h-,M210,1,6.1,3828,103,40,Intermediate,3887,165,423
753,Mean,24,5B,h-,M216,h-/M216,h-/M210,h-,M210,2,6.1,3828,103,40,Intermediate,3891,90,109
754,Mean,24,5B,h-,M216,h-/M216,h-/M210,h-,M210,3,6.1,3828,103,40,Intermediate,3907,137,544
755,Mean,24,5C,h+,M216,h+/M216,h+/M210,h+,M210,1,1,730,49,41,Intermediate,2454,5,2
756,Mean,24,5C,h+,M216,h+/M216,h+/M210,h+,M210,2,1,730,49,41,Intermediate,2487,6,0
757,Mean,24,5C,h+,M216,h+/M216,h+/M210,h+,M210,3,1,730,49,41,Intermediate,2492,21,0
758,Mean,24,6C,h-,M210,h-/M210,h-/M216,h-,M216,1,6.1,3831,54,73,Intermediate,3882,205,109
759,Mean,24,6C,h-,M210,h-/M210,h-/M216,h-,M216,2,6.1,3831,54,73,Intermediate,3908,690,243
760,Mean,24,6C,h-,M210,h-/M210,h-/M216,h-,M216,3,6.1,3831,54,73,Intermediate,3917,85,271
761,Mean,96,3B,h-,M216,h-/M216,h-/M210,h-,M210,1,1,755,27,43,Intermediate,2392,366,428
762,Mean,96,3B,h-,M216,h-/M216,h-/M210,h-,M210,2,1,755,27,43,Intermediate,2417,348,197
763,Mean,96,3B,h-,M216,h-/M216,h-/M210,h-,M210,3,1,755,27,43,Intermediate,2435,317,170
764,Mean,96,3C,h-,M216,h-/M216,h-/M210,h-,M210,1,6.1,3815,146,58,Intermediate,3895,195,324
765,Mean,96,3C,h-,M216,h-/M216,h-/M210,h-,M210,2,6.1,3815,146,58,Intermediate,3896,299,241
766,Mean,96,3C,h-,M216,h-/M216,h-/M210,h-,M210,3,6.1,3815,146,58,Intermediate,3900,156,79
767,Mean,96,3D,h+,M210,h+/M210,h+/M216,h+,M216,1,1,706,102,181,Intermediate,2403,121,89
768,Mean,96,3D,h+,M210,h+/M210,h+/M216,h+,M216,2,1,706,102,181,Intermediate,2406,249,165
769,Mean,96,3D,h+,M210,h+/M210,h+/M216,h+,M216,3,1,706,102,181,Intermediate,2447,371,436
770,Mean,96,3E,h-,M210,h-/M210,h-/M216,h-,M216,1,1,699,23,118,Intermediate,2407,525,377
771,Mean,96,3E,h-,M210,h-/M210,h-/M216,h-,M216,2,1,699,23,118,Intermediate,2416,603,152
772,Mean,96,3E,h-,M210,h-/M210,h-/M216,h-,M216,3,1,699,23,118,Intermediate,2452,258,277
773,Mean,96,3F,h+,M216,h+/M216,h+/M210,h+,M210,1,1,723,94,72,Intermediate,2457,26,22
774,Mean,96,3F,h+,M216,h+/M216,h+/M210,h+,M210,2,1,723,94,72,Intermediate,2484,155,48
775,Mean,96,3F,h+,M216,h+/M216,h+/M210,h+,M210,3,1,723,94,72,Intermediate,2508,159,67
776,Mean,96,3G,h+,M216,h+/M216,h+/M210,h+,M210,1,1,724,87,80,Intermediate,2463,92,35
777,Mean,96,3G,h+,M216,h+/M216,h+/M210,h+,M210,2,1,724,87,80,Intermediate,2494,90,39
778,Mean,96,3G,h+,M216,h+/M216,h+/M210,h+,M210,3,1,724,87,80,Intermediate,2506,42,8
779,Mean,96,4B,h+,M216,h+/M216,h+/M210,h+,M210,1,1,725,25,32,Intermediate,2480,6,6
780,Mean,96,4B,h+,M216,h+/M216,h+/M210,h+,M210,2,1,725,25,32,Intermediate,2489,13,12
781,Mean,96,4B,h+,M216,h+/M216,h+/M210,h+,M210,3,1,725,25,32,Intermediate,2498,42,5
782,Mean,96,4D,h-,M210,h-/M210,h-/M216,h-,M216,1,6.1,3816,108,61,Intermediate,3888,127,581
783,Mean,96,4D,h-,M210,h-/M210,h-/M216,h-,M216,2,6.1,3816,108,61,Intermediate,3905,18,542
784,Mean,96,4D,h-,M210,h-/M210,h-/M216,h-,M216,3,6.1,3816,108,61,Intermediate,3915,61,418
785,Mean,96,4E,h-,M210,h-/M210,h-/M216,h-,M216,1,1,701,51,124,Intermediate,2408,524,159
786,Mean,96,4E,h-,M210,h-/M210,h-/M216,h-,M216,2,1,701,51,124,Intermediate,2443,687,270
787,Mean,96,4E,h-,M210,h-/M210,h-/M216,h-,M216,3,1,701,51,124,Intermediate,2444,547,205
788,Mean,96,4G,h+,M210,h+/M210,h+/M216,h+,M216,1,6.1,3817,145,72,Intermediate,3880,201,201
789,Mean,96,4G,h+,M210,h+/M210,h+/M216,h+,M216,2,6.1,3817,145,72,Intermediate,3884,167,125
790,Mean,96,4G,h+,M210,h+/M210,h+/M216,h+,M216,3,6.1,3817,145,72,Intermediate,3899,192,275
791,Mean,96,5B,h-,M216,h-/M216,h-/M210,h-,M210,1,6.1,3818,34,44,Intermediate,3909,27,377
792,Mean,96,5B,h-,M216,h-/M216,h-/M210,h-,M210,2,6.1,3818,34,44,Intermediate,3912,7,272
793,Mean,96,5B,h-,M216,h-/M216,h-/M210,h-,M210,3,6.1,3818,34,44,Intermediate,3913,3,252
794,Mean,96,5C,h+,M210,h+/M210,h+/M216,h+,M216,1,1,708,43,217,Intermediate,2402,103,212
795,Mean,96,5C,h+,M210,h+/M210,h+/M216,h+,M216,2,1,708,43,217,Intermediate,2418,87,341
796,Mean,96,5C,h+,M210,h+/M210,h+/M216,h+,M216,3,1,708,43,217,Intermediate,2431,12,412
797,Mean,96,5D,h+,M216,h+/M216,h+/M210,h+,M210,1,1,759,37,141,Intermediate,2458,16,23
798,Mean,96,5D,h+,M216,h+/M216,h+/M210,h+,M210,2,1,759,37,141,Intermediate,2475,0,32
799,Mean,96,5E,h-,M216,h-/M216,h-/M210,h-,M210,1,6.1,3819,100,36,Intermediate,3881,273,22
800,Mean,96,5E,h-,M216,h-/M216,h-/M210,h-,M210,2,6.1,3819,100,36,Intermediate,3922,334,63
801,Mean,96,5E,h-,M216,h-/M216,h-/M210,h-,M210,3,6.1,3819,100,36,Intermediate,3923,438,73
802,Mean,96,5F,h+,M210,h+/M210,h+/M216,h+,M216,1,6.1,3820,171,65,Intermediate,3904,112,266
803,Mean,96,5F,h+,M210,h+/M210,h+/M216,h+,M216,2,6.1,3820,171,65,Intermediate,3916,76,105
804,Mean,96,5F,h+,M210,h+/M210,h+/M216,h+,M216,3,6.1,3820,171,65,Intermediate,3920,117,58
805,Mean,96,5G,h-,M210,h-/M210,h-/M216,h-,M216,1,1,702,55,169,Intermediate,2430,488,614
806,Mean,96,5G,h-,M210,h-/M210,h-/M216,h-,M216,2,1,702,55,169,Intermediate,2434,370,310
807,Mean,96,5G,h-,M210,h-/M210,h-/M216,h-,M216,3,1,702,55,169,Intermediate,2439,396,372
808,Mean,24,2A,h+,M216,h+/M216,h+/M210,h+,M210,1,2.2,857,22,25,Mean,2255,117,0
809,Mean,24,2A,h+,M216,h+/M216,h+/M210,h+,M210,2,2.2,857,22,25,Mean,2260,0,37
810,Mean,24,2A,h+,M216,h+/M216,h+/M210,h+,M210,3,2.2,857,22,25,Mean,2265,0,38
811,Mean,24,2B,h-,M216,h-/M216,h-/M210,h-,M210,1,2.2,849,26,23,Mean,2261,3,22
812,Mean,24,2B,h-,M216,h-/M216,h-/M210,h-,M210,2,2.2,849,26,23,Mean,2263,23,43
813,Mean,24,2B,h-,M216,h-/M216,h-/M210,h-,M210,3,2.2,849,26,23,Mean,2267,3,12
814,Mean,24,2C,h-,M216,h-/M216,h-/M210,h-,M210,1,6.2,3930,2,85,Mean,3939,10,34
815,Mean,24,2C,h-,M216,h-/M216,h-/M210,h-,M210,2,6.2,3930,2,85,Mean,3958,4,71
816,Mean,24,2C,h-,M216,h-/M216,h-/M210,h-,M210,3,6.2,3930,2,85,Mean,3961,11,41
817,Mean,24,2D,h-,M210,h-/M210,h-/M216,h-,M216,1,6.2,3931,127,47,Mean,3938,35,43
818,Mean,24,2D,h-,M210,h-/M210,h-/M216,h-,M216,2,6.2,3931,127,47,Mean,3942,24,62
819,Mean,24,2D,h-,M210,h-/M210,h-/M216,h-,M216,3,6.2,3931,127,47,Mean,3945,102,111
820,Mean,24,3A,h-,M216,h-/M216,h-/M210,h-,M210,1,2.2,851,5,38,Mean,2259,33,172
821,Mean,24,3A,h-,M216,h-/M216,h-/M210,h-,M210,2,2.2,851,5,38,Mean,2266,46,204
822,Mean,24,3A,h-,M216,h-/M216,h-/M210,h-,M210,3,2.2,851,5,38,Mean,2283,36,198
823,Mean,24,3B,h+,M210,h+/M210,h+/M216,h+,M216,1,2.2,841,45,43,Mean,2197,0,39
824,Mean,24,3B,h+,M210,h+/M210,h+/M216,h+,M216,2,2.2,841,45,43,Mean,2204,0,3
825,Mean,24,3B,h+,M210,h+/M210,h+/M216,h+,M216,3,2.2,841,45,43,Mean,2206,0,25
826,Mean,24,3D,h+,M210,h+/M210,h+/M216,h+,M216,1,2.2,842,15,31,Mean,2196,53,149
827,Mean,24,3D,h+,M210,h+/M210,h+/M216,h+,M216,2,2.2,842,15,31,Mean,2237,33,86
828,Mean,24,3D,h+,M210,h+/M210,h+/M216,h+,M216,3,2.2,842,15,31,Mean,2240,21,40
829,Mean,24,4A,h+,M216,h+/M216,h+/M210,h+,M210,1,2.2,858,7,38,Mean,2252,0,33
830,Mean,24,4A,h+,M216,h+/M216,h+/M210,h+,M210,2,2.2,858,7,38,Mean,2279,4,45
831,Mean,24,4A,h+,M216,h+/M216,h+/M210,h+,M210,3,2.2,858,7,38,Mean,2288,18,172
832,Mean,24,4C,h+,M216,h+/M216,h+/M210,h+,M210,1,6.2,3932,13,81,Mean,3949,8,106
833,Mean,24,4C,h+,M216,h+/M216,h+/M210,h+,M210,2,6.2,3932,13,81,Mean,3955,1,114
834,Mean,24,4C,h+,M216,h+/M216,h+/M210,h+,M210,3,6.2,3932,13,81,Mean,3960,1,281
835,Mean,24,4D,h+,M210,h+/M210,h+/M216,h+,M216,1,6.2,3933,33,61,Mean,3941,17,135
836,Mean,24,4D,h+,M210,h+/M210,h+/M216,h+,M216,2,6.2,3933,33,61,Mean,3946,51,90
837,Mean,24,4D,h+,M210,h+/M210,h+/M216,h+,M216,3,6.2,3933,33,61,Mean,3954,58,54
838,Mean,24,5A,h+,M210,h+/M210,h+/M216,h+,M216,1,2.2,844,16,46,Mean,2208,21,44
839,Mean,24,5A,h+,M210,h+/M210,h+/M216,h+,M216,2,2.2,844,16,46,Mean,2218,21,42
840,Mean,24,5A,h+,M210,h+/M210,h+/M216,h+,M216,3,2.2,844,16,46,Mean,2239,35,49
841,Mean,24,5B,h-,M216,h-/M216,h-/M210,h-,M210,1,2.2,852,8,17,Mean,2253,5,25
842,Mean,24,5B,h-,M216,h-/M216,h-/M210,h-,M210,2,2.2,852,8,17,Mean,2262,104,87
843,Mean,24,5B,h-,M216,h-/M216,h-/M210,h-,M210,3,2.2,852,8,17,Mean,2264,15,32
844,Mean,24,5C,h+,M216,h+/M216,h+/M210,h+,M210,1,6.2,3934,32,82,Mean,3947,83,115
845,Mean,24,5C,h+,M216,h+/M216,h+/M210,h+,M210,2,6.2,3934,32,82,Mean,3948,28,55
846,Mean,24,5C,h+,M216,h+/M216,h+/M210,h+,M210,3,6.2,3934,32,82,Mean,3957,98,94
847,Mean,24,5D,h-,M210,h-/M210,h-/M216,h-,M216,1,6.2,3935,3,62,Mean,3943,74,31
848,Mean,24,5D,h-,M210,h-/M210,h-/M216,h-,M216,2,6.2,3935,3,62,Mean,3944,104,38
849,Mean,24,5D,h-,M210,h-/M210,h-/M216,h-,M216,3,6.2,3935,3,62,Mean,3951,55,48
850,Mean,24,6C,h-,M210,h-/M210,h-/M216,h-,M216,1,6.2,3937,61,53,Mean,3940,145,146
851,Mean,24,6C,h-,M210,h-/M210,h-/M216,h-,M216,2,6.2,3937,61,53,Mean,3953,13,9
852,Mean,24,6C,h-,M210,h-/M210,h-/M216,h-,M216,3,6.2,3937,61,53,Mean,3956,137,217
853,Mean,96,3B,h-,M216,h-/M216,h-/M210,h-,M210,1,2.2,845,25,22,Mean,2210,26,32
854,Mean,96,3B,h-,M216,h-/M216,h-/M210,h-,M210,2,2.2,845,25,22,Mean,2215,15,25
855,Mean,96,3B,h-,M216,h-/M216,h-/M210,h-,M210,3,2.2,845,25,22,Mean,2226,10,2
856,Mean,96,3C,h-,M216,h-/M216,h-/M210,h-,M210,1,2.2,846,37,21,Mean,2198,13,67
857,Mean,96,3C,h-,M216,h-/M216,h-/M210,h-,M210,2,2.2,846,37,21,Mean,2224,4,16
858,Mean,96,3C,h-,M216,h-/M216,h-/M210,h-,M210,3,2.2,846,37,21,Mean,2229,48,70
859,Mean,96,3D,h+,M210,h+/M210,h+/M216,h+,M216,1,2.2,837,7,32,Mean,2216,46,62
860,Mean,96,3D,h+,M210,h+/M210,h+/M216,h+,M216,2,2.2,837,7,32,Mean,2235,13,8
861,Mean,96,3D,h+,M210,h+/M210,h+/M216,h+,M216,3,2.2,837,7,32,Mean,2247,2,3
862,Mean,96,3E,h-,M210,h-/M210,h-/M216,h-,M216,1,2.2,826,17,55,Mean,2192,149,62
863,Mean,96,3E,h-,M210,h-/M210,h-/M216,h-,M216,2,2.2,826,17,55,Mean,2211,58,25
864,Mean,96,3E,h-,M210,h-/M210,h-/M216,h-,M216,3,2.2,826,17,55,Mean,2217,73,31
865,Mean,96,3F,h+,M216,h+/M216,h+/M210,h+,M210,1,2.2,853,12,31,Mean,2273,79,228
866,Mean,96,3F,h+,M216,h+/M216,h+/M210,h+,M210,2,2.2,853,12,31,Mean,2276,7,25
867,Mean,96,3F,h+,M216,h+/M216,h+/M210,h+,M210,3,2.2,853,12,31,Mean,2284,50,143
868,Mean,96,3G,h+,M216,h+/M216,h+/M210,h+,M210,1,2.2,854,47,19,Mean,2258,43,47
869,Mean,96,3G,h+,M216,h+/M216,h+/M210,h+,M210,2,2.2,854,47,19,Mean,2286,24,18
870,Mean,96,3G,h+,M216,h+/M216,h+/M210,h+,M210,3,2.2,854,47,19,Mean,2287,38,17
871,Mean,96,4B,h+,M216,h+/M216,h+/M210,h+,M210,1,2.2,855,121,37,Mean,2257,2,50
872,Mean,96,4B,h+,M216,h+/M216,h+/M210,h+,M210,2,2.2,855,121,37,Mean,2272,3,8
873,Mean,96,4B,h+,M216,h+/M216,h+/M210,h+,M210,3,2.2,855,121,37,Mean,2282,5,44
874,Mean,96,4D,h-,M210,h-/M210,h-/M216,h-,M216,1,2.2,828,85,37,Mean,2189,30,15
875,Mean,96,4D,h-,M210,h-/M210,h-/M216,h-,M216,2,2.2,828,85,37,Mean,2203,2,10
876,Mean,96,4D,h-,M210,h-/M210,h-/M216,h-,M216,3,2.2,828,85,37,Mean,2230,61,31
877,Mean,96,4E,h-,M210,h-/M210,h-/M216,h-,M216,1,2.2,829,21,45,Mean,2183,11,5
878,Mean,96,4E,h-,M210,h-/M210,h-/M216,h-,M216,2,2.2,829,21,45,Mean,2231,29,11
879,Mean,96,4E,h-,M210,h-/M210,h-/M216,h-,M216,3,2.2,829,21,45,Mean,2245,222,54
880,Mean,96,4G,h+,M210,h+/M210,h+/M216,h+,M216,1,2.2,838,39,37,Mean,2199,2,18
881,Mean,96,4G,h+,M210,h+/M210,h+/M216,h+,M216,2,2.2,838,39,37,Mean,2200,4,72
882,Mean,96,4G,h+,M210,h+/M210,h+/M216,h+,M216,3,2.2,838,39,37,Mean,2250,13,38
883,Mean,96,5B,h-,M216,h-/M216,h-/M210,h-,M210,1,2.2,847,11,26,Mean,2193,3,8
884,Mean,96,5B,h-,M216,h-/M216,h-/M210,h-,M210,2,2.2,847,11,26,Mean,2222,2,26
885,Mean,96,5B,h-,M216,h-/M216,h-/M210,h-,M210,3,2.2,847,11,26,Mean,2228,32,19
886,Mean,96,5C,h+,M210,h+/M210,h+/M216,h+,M216,1,2.2,839,15,25,Mean,2181,17,15
887,Mean,96,5C,h+,M210,h+/M210,h+/M216,h+,M216,2,2.2,839,15,25,Mean,2186,7,6
888,Mean,96,5C,h+,M210,h+/M210,h+/M216,h+,M216,3,2.2,839,15,25,Mean,2220,137,188
889,Mean,96,5D,h+,M216,h+/M216,h+/M210,h+,M210,1,2.2,856,45,20,Mean,2251,2,16
890,Mean,96,5D,h+,M216,h+/M216,h+/M210,h+,M210,2,2.2,856,45,20,Mean,2280,65,62
891,Mean,96,5D,h+,M216,h+/M216,h+/M210,h+,M210,3,2.2,856,45,20,Mean,2281,52,163
892,Mean,96,5E,h-,M216,h-/M216,h-/M210,h-,M210,1,2.2,848,19,23,Mean,2202,96,122
893,Mean,96,5E,h-,M216,h-/M216,h-/M210,h-,M210,2,2.2,848,19,23,Mean,2241,35,41
894,Mean,96,5E,h-,M216,h-/M216,h-/M210,h-,M210,3,2.2,848,19,23,Mean,2249,7,16
895,Mean,96,5F,h+,M210,h+/M210,h+/M216,h+,M216,1,6.2,3928,35,56,Mean,3950,42,67
896,Mean,96,5F,h+,M210,h+/M210,h+/M216,h+,M216,2,6.2,3928,35,56,Mean,3952,109,83
897,Mean,96,5F,h+,M210,h+/M210,h+/M216,h+,M216,3,6.2,3928,35,56,Mean,3959,52,35
898,Mean,96,5G,h-,M210,h-/M210,h-/M216,h-,M216,1,2.2,830,9,33,Mean,2184,109,83
899,Mean,96,5G,h-,M210,h-/M210,h-/M216,h-,M216,2,2.2,830,9,33,Mean,2223,42,67
900,Mean,96,5G,h-,M210,h-/M210,h-/M216,h-,M216,3,2.2,830,9,33,Mean,2233,52,35
901,Slow,24,2B,h-,M216,h-/M216,h-/M210,h-,M210,1,6.4,4141,103,100,Extreme,4215,0,134
902,Slow,24,2B,h-,M216,h-/M216,h-/M210,h-,M210,2,6.4,4141,103,100,Extreme,4231,1,148
903,Slow,24,2B,h-,M216,h-/M216,h-/M210,h-,M210,3,6.4,4141,103,100,Extreme,4238,5,112
904,Slow,24,2C,h-,M216,h-/M216,h-/M210,h-,M210,1,6.4,4142,56,96,Extreme,4218,181,65
905,Slow,24,2C,h-,M216,h-/M216,h-/M210,h-,M210,2,6.4,4142,56,96,Extreme,4219,10,38
906,Slow,24,2C,h-,M216,h-/M216,h-/M210,h-,M210,3,6.4,4142,56,96,Extreme,4266,479,111
907,Slow,24,3A,h-,M216,h-/M216,h-/M210,h-,M210,1,3,2606,2,24,Extreme,2769,1,100
908,Slow,24,3A,h-,M216,h-/M216,h-/M210,h-,M210,2,3,2606,2,24,Extreme,2790,47,78
909,Slow,24,3A,h-,M216,h-/M216,h-/M210,h-,M210,3,3,2606,2,24,Extreme,2793,0,35
910,Slow,24,3B,h+,M210,h+/M210,h+/M216,h+,M216,1,3,2596,17,29,Extreme,2729,17,10
911,Slow,24,3B,h+,M210,h+/M210,h+/M216,h+,M216,2,3,2596,17,29,Extreme,2739,10,12
912,Slow,24,3B,h+,M210,h+/M210,h+/M216,h+,M216,3,3,2596,17,29,Extreme,2757,0,40
913,Slow,24,3D,h+,M210,h+/M210,h+/M216,h+,M216,1,6.4,4144,3,33,Extreme,4227,40,824
914,Slow,24,3D,h+,M210,h+/M210,h+/M216,h+,M216,2,6.4,4144,3,33,Extreme,4230,29,414
915,Slow,24,3D,h+,M210,h+/M210,h+/M216,h+,M216,3,6.4,4144,3,33,Extreme,4254,61,397
916,Slow,24,4A,h+,M216,h+/M216,h+/M210,h+,M210,1,6.4,4145,15,77,Extreme,4232,195,334
917,Slow,24,4A,h+,M216,h+/M216,h+/M210,h+,M210,2,6.4,4145,15,77,Extreme,4251,144,181
918,Slow,24,4A,h+,M216,h+/M216,h+/M210,h+,M210,3,6.4,4145,15,77,Extreme,4268,225,186
919,Slow,24,4C,h+,M216,h+/M216,h+/M210,h+,M210,1,6.4,4146,3,132,Extreme,4273,35,226
920,Slow,24,4C,h+,M216,h+/M216,h+/M210,h+,M210,2,6.4,4146,3,132,Extreme,4277,0,81
921,Slow,24,4C,h+,M216,h+/M216,h+/M210,h+,M210,3,6.4,4146,3,132,Extreme,4281,60,274
922,Slow,24,4D,h+,M210,h+/M210,h+/M216,h+,M216,1,6.4,4147,82,25,Extreme,4222,40,225
923,Slow,24,4D,h+,M210,h+/M210,h+/M216,h+,M216,2,6.4,4147,82,25,Extreme,4246,46,749
924,Slow,24,4D,h+,M210,h+/M210,h+/M216,h+,M216,3,6.4,4147,82,25,Extreme,4250,0,336
925,Slow,24,5A,h+,M210,h+/M210,h+/M216,h+,M216,1,6.4,4148,2,45,Extreme,4235,0,331
926,Slow,24,5A,h+,M210,h+/M210,h+/M216,h+,M216,2,6.4,4148,2,45,Extreme,4258,0,496
927,Slow,24,5A,h+,M210,h+/M210,h+/M216,h+,M216,3,6.4,4148,2,45,Extreme,4265,0,600
928,Slow,24,5B,h-,M216,h-/M216,h-/M210,h-,M210,1,3,2607,18,35,Extreme,2770,0,2
929,Slow,24,5B,h-,M216,h-/M216,h-/M210,h-,M210,2,3,2607,18,35,Extreme,2778,21,72
930,Slow,24,5B,h-,M216,h-/M216,h-/M210,h-,M210,3,3,2607,18,35,Extreme,2787,1,32
931,Slow,24,5C,h+,M216,h+/M216,h+/M210,h+,M210,1,6.4,4149,35,129,Extreme,4275,56,220
932,Slow,24,5C,h+,M216,h+/M216,h+/M210,h+,M210,2,6.4,4149,35,129,Extreme,4276,12,154
933,Slow,24,5C,h+,M216,h+/M216,h+/M210,h+,M210,3,6.4,4149,35,129,Extreme,4278,21,75
934,Slow,24,5D,h-,M210,h-/M210,h-/M216,h-,M216,1,3,2589,63,193,Extreme,2714,41,8
935,Slow,24,5D,h-,M210,h-/M210,h-/M216,h-,M216,2,3,2589,63,193,Extreme,2715,4,4
936,Slow,24,5D,h-,M210,h-/M210,h-/M216,h-,M216,3,3,2589,63,193,Extreme,2737,30,0
937,Slow,24,6B,h-,M210,h-/M210,h-/M216,h-,M216,1,6.4,4150,20,65,Extreme,4247,265,113
938,Slow,24,6B,h-,M210,h-/M210,h-/M216,h-,M216,2,6.4,4150,20,65,Extreme,4249,220,72
939,Slow,24,6B,h-,M210,h-/M210,h-/M216,h-,M216,3,6.4,4150,20,65,Extreme,4257,378,133
940,Slow,24,6C,h-,M210,h-/M210,h-/M216,h-,M216,1,6.4,4151,10,77,Extreme,4225,4,62
941,Slow,24,6C,h-,M210,h-/M210,h-/M216,h-,M216,2,6.4,4151,10,77,Extreme,4234,160,18
942,Slow,24,6C,h-,M210,h-/M210,h-/M216,h-,M216,3,6.4,4151,10,77,Extreme,4256,112,143
943,Slow,96,3B,h-,M216,h-/M216,h-/M210,h-,M210,1,3,2600,4,35,Extreme,2713,0,19
944,Slow,96,3B,h-,M216,h-/M216,h-/M210,h-,M210,2,3,2600,4,35,Extreme,2719,10,50
945,Slow,96,3B,h-,M216,h-/M216,h-/M210,h-,M210,3,3,2600,4,35,Extreme,2743,17,11
946,Slow,96,3C,h-,M216,h-/M216,h-/M210,h-,M210,1,6.4,4128,115,83,Extreme,4253,129,1
947,Slow,96,3C,h-,M216,h-/M216,h-/M210,h-,M210,2,6.4,4128,115,83,Extreme,4269,203,14
948,Slow,96,3C,h-,M216,h-/M216,h-/M210,h-,M210,3,6.4,4128,115,83,Extreme,4271,294,51
949,Slow,96,3D,h+,M210,h+/M210,h+/M216,h+,M216,1,6.4,4129,36,72,Extreme,4255,100,70
950,Slow,96,3D,h+,M210,h+/M210,h+/M216,h+,M216,2,6.4,4129,36,72,Extreme,4259,106,80
951,Slow,96,3D,h+,M210,h+/M210,h+/M216,h+,M216,3,6.4,4129,36,72,Extreme,4267,323,73
952,Slow,96,3E,h-,M210,h-/M210,h-/M216,h-,M216,1,6.4,4130,110,62,Extreme,4217,122,29
953,Slow,96,3E,h-,M210,h-/M210,h-/M216,h-,M216,2,6.4,4130,110,62,Extreme,4261,71,9
954,Slow,96,3E,h-,M210,h-/M210,h-/M216,h-,M216,3,6.4,4130,110,62,Extreme,4264,187,3
955,Slow,96,3F,h+,M216,h+/M216,h+/M210,h+,M210,1,3,2608,14,24,Extreme,2789,2,66
956,Slow,96,3F,h+,M216,h+/M216,h+/M210,h+,M210,2,3,2608,14,24,Extreme,2794,2,18
957,Slow,96,3F,h+,M216,h+/M216,h+/M210,h+,M210,3,3,2608,14,24,Extreme,2798,23,59
958,Slow,96,3G,h+,M216,h+/M216,h+/M210,h+,M210,1,3,2609,32,31,Extreme,2772,3,84
959,Slow,96,3G,h+,M216,h+/M216,h+/M210,h+,M210,2,3,2609,32,31,Extreme,2779,0,42
960,Slow,96,3G,h+,M216,h+/M216,h+/M210,h+,M210,3,3,2609,32,31,Extreme,2801,0,28
961,Slow,96,4B,h+,M216,h+/M216,h+/M210,h+,M210,1,6.4,4132,349,138,Extreme,4228,2,174
962,Slow,96,4B,h+,M216,h+/M216,h+/M210,h+,M210,2,6.4,4132,349,138,Extreme,4237,2,119
963,Slow,96,4B,h+,M216,h+/M216,h+/M210,h+,M210,3,6.4,4132,349,138,Extreme,4245,0,139
964,Slow,96,4D,h-,M210,h-/M210,h-/M216,h-,M216,1,3,2586,17,49,Extreme,2741,13,16
965,Slow,96,4D,h-,M210,h-/M210,h-/M216,h-,M216,2,3,2586,17,49,Extreme,2754,0,9
966,Slow,96,4D,h-,M210,h-/M210,h-/M216,h-,M216,3,3,2586,17,49,Extreme,2768,84,81
967,Slow,96,4E,h-,M210,h-/M210,h-/M216,h-,M216,1,6.4,4133,93,87,Extreme,4226,342,92
968,Slow,96,4E,h-,M210,h-/M210,h-/M216,h-,M216,2,6.4,4133,93,87,Extreme,4241,825,77
969,Slow,96,4E,h-,M210,h-/M210,h-/M216,h-,M216,3,6.4,4133,93,87,Extreme,4270,747,87
970,Slow,96,4G,h+,M210,h+/M210,h+/M216,h+,M216,1,6.4,4134,28,35,Extreme,4236,151,94
971,Slow,96,4G,h+,M210,h+/M210,h+/M216,h+,M216,2,6.4,4134,28,35,Extreme,4244,193,105
972,Slow,96,4G,h+,M210,h+/M210,h+/M216,h+,M216,3,6.4,4134,28,35,Extreme,4260,278,134
973,Slow,96,5B,h-,M216,h-/M216,h-/M210,h-,M210,1,6.4,4135,5,38,Extreme,4223,22,128
974,Slow,96,5B,h-,M216,h-/M216,h-/M210,h-,M210,2,6.4,4135,5,38,Extreme,4224,7,140
975,Slow,96,5B,h-,M216,h-/M216,h-/M210,h-,M210,3,6.4,4135,5,38,Extreme,4252,18,156
976,Slow,96,5C,h+,M210,h+/M210,h+/M216,h+,M216,1,3,2594,94,62,Extreme,2717,117,86
977,Slow,96,5C,h+,M210,h+/M210,h+/M216,h+,M216,2,3,2594,94,62,Extreme,2727,14,5
978,Slow,96,5C,h+,M210,h+/M210,h+/M216,h+,M216,3,3,2594,94,62,Extreme,2734,11,1
979,Slow,96,5D,h+,M216,h+/M216,h+/M210,h+,M210,1,6.4,4136,86,107,Extreme,4233,167,72
980,Slow,96,5D,h+,M216,h+/M216,h+/M210,h+,M210,2,6.4,4136,86,107,Extreme,4240,315,188
981,Slow,96,5D,h+,M216,h+/M216,h+/M210,h+,M210,3,6.4,4136,86,107,Extreme,4263,793,160
982,Slow,96,5E,h-,M216,h-/M216,h-/M210,h-,M210,1,6.4,4137,80,72,Extreme,4216,107,21
983,Slow,96,5E,h-,M216,h-/M216,h-/M210,h-,M210,2,6.4,4137,80,72,Extreme,4221,169,20
984,Slow,96,5E,h-,M216,h-/M216,h-/M210,h-,M210,3,6.4,4137,80,72,Extreme,4242,319,19
985,Slow,96,5F,h+,M210,h+/M210,h+/M216,h+,M216,1,3,2595,7,27,Extreme,2742,32,43
986,Slow,96,5F,h+,M210,h+/M210,h+/M216,h+,M216,2,3,2595,7,27,Extreme,2750,115,19
987,Slow,96,5F,h+,M210,h+/M210,h+/M216,h+,M216,3,3,2595,7,27,Extreme,2752,0,16
988,Slow,96,5G,h-,M210,h-/M210,h-/M216,h-,M216,1,6.4,4138,193,58,Extreme,4229,110,88
989,Slow,96,5G,h-,M210,h-/M210,h-/M216,h-,M216,2,6.4,4138,193,58,Extreme,4248,93,123
990,Slow,96,5G,h-,M210,h-/M210,h-/M216,h-,M216,3,6.4,4138,193,58,Extreme,4262,98,61
991,Slow,24,2B,h-,M216,h-/M216,h-/M210,h-,M210,1,6.4,4141,103,100,Mean,4152,34,230
992,Slow,24,2B,h-,M216,h-/M216,h-/M210,h-,M210,2,6.4,4141,103,100,Mean,4167,61,40
993,Slow,24,2B,h-,M216,h-/M216,h-/M210,h-,M210,3,6.4,4141,103,100,Mean,4205,45,83
994,Slow,24,2C,h-,M216,h-/M216,h-/M210,h-,M210,1,6.4,4142,56,96,Mean,4163,11,115
995,Slow,24,2C,h-,M216,h-/M216,h-/M210,h-,M210,2,6.4,4142,56,96,Mean,4177,48,190
996,Slow,24,2C,h-,M216,h-/M216,h-/M210,h-,M210,3,6.4,4142,56,96,Mean,4190,54,100
997,Slow,24,3A,h-,M216,h-/M216,h-/M210,h-,M210,1,3,2606,2,24,Mean,2676,78,435
998,Slow,24,3A,h-,M216,h-/M216,h-/M210,h-,M210,2,3,2606,2,24,Mean,2679,29,741
999,Slow,24,3A,h-,M216,h-/M216,h-/M210,h-,M210,3,3,2606,2,24,Mean,2689,29,448
1000,Slow,24,3B,h+,M210,h+/M210,h+/M216,h+,M216,1,3,2596,17,29,Mean,2626,307,54
1001,Slow,24,3B,h+,M210,h+/M210,h+/M216,h+,M216,2,3,2596,17,29,Mean,2645,237,46
1002,Slow,24,3B,h+,M210,h+/M210,h+/M216,h+,M216,3,3,2596,17,29,Mean,2654,297,135
1003,Slow,24,3D,h+,M210,h+/M210,h+/M216,h+,M216,1,6.4,4144,3,33,Mean,4154,36,195
1004,Slow,24,3D,h+,M210,h+/M210,h+/M216,h+,M216,2,6.4,4144,3,33,Mean,4200,130,190
1005,Slow,24,3D,h+,M210,h+/M210,h+/M216,h+,M216,3,6.4,4144,3,33,Mean,4201,73,198
1006,Slow,24,4A,h+,M216,h+/M216,h+/M210,h+,M210,1,6.4,4145,15,77,Mean,4165,12,41
1007,Slow,24,4A,h+,M216,h+/M216,h+/M210,h+,M210,2,6.4,4145,15,77,Mean,4185,53,94
1008,Slow,24,4A,h+,M216,h+/M216,h+/M210,h+,M210,3,6.4,4145,15,77,Mean,4187,34,51
1009,Slow,24,4C,h+,M216,h+/M216,h+/M210,h+,M210,1,6.4,4146,3,132,Mean,4168,13,4
1010,Slow,24,4C,h+,M216,h+/M216,h+/M210,h+,M210,2,6.4,4146,3,132,Mean,4175,108,173
1011,Slow,24,4C,h+,M216,h+/M216,h+/M210,h+,M210,3,6.4,4146,3,132,Mean,4192,151,117
1012,Slow,24,4D,h+,M210,h+/M210,h+/M216,h+,M216,1,6.4,4147,82,25,Mean,4161,4,115
1013,Slow,24,4D,h+,M210,h+/M210,h+/M216,h+,M216,2,6.4,4147,82,25,Mean,4188,15,29
1014,Slow,24,4D,h+,M210,h+/M210,h+/M216,h+,M216,3,6.4,4147,82,25,Mean,4197,14,66
1015,Slow,24,5A,h+,M210,h+/M210,h+/M216,h+,M216,1,6.4,4148,2,45,Mean,4153,15,149
1016,Slow,24,5A,h+,M210,h+/M210,h+/M216,h+,M216,2,6.4,4148,2,45,Mean,4156,1,253
1017,Slow,24,5A,h+,M210,h+/M210,h+/M216,h+,M216,3,6.4,4148,2,45,Mean,4204,0,41
1018,Slow,24,5B,h-,M216,h-/M216,h-/M210,h-,M210,1,3,2607,18,35,Mean,2683,117,428
1019,Slow,24,5B,h-,M216,h-/M216,h-/M210,h-,M210,2,3,2607,18,35,Mean,2698,2,388
1020,Slow,24,5B,h-,M216,h-/M216,h-/M210,h-,M210,3,3,2607,18,35,Mean,2707,44,432
1021,Slow,24,5C,h+,M216,h+/M216,h+/M210,h+,M210,1,6.4,4149,35,129,Mean,4184,209,107
1022,Slow,24,5C,h+,M216,h+/M216,h+/M210,h+,M210,2,6.4,4149,35,129,Mean,4206,78,81
1023,Slow,24,5C,h+,M216,h+/M216,h+/M210,h+,M210,3,6.4,4149,35,129,Mean,4207,54,342
1024,Slow,24,5D,h-,M210,h-/M210,h-/M216,h-,M216,1,3,2589,63,193,Mean,2623,266,103
1025,Slow,24,5D,h-,M210,h-/M210,h-/M216,h-,M216,2,3,2589,63,193,Mean,2638,280,76
1026,Slow,24,5D,h-,M210,h-/M210,h-/M216,h-,M216,3,3,2589,63,193,Mean,2674,419,113
1027,Slow,24,6B,h-,M210,h-/M210,h-/M216,h-,M216,1,6.4,4150,20,65,Mean,4182,220,477
1028,Slow,24,6B,h-,M210,h-/M210,h-/M216,h-,M216,2,6.4,4150,20,65,Mean,4208,103,267
1029,Slow,24,6B,h-,M210,h-/M210,h-/M216,h-,M216,3,6.4,4150,20,65,Mean,4210,0,183
1030,Slow,24,6C,h-,M210,h-/M210,h-/M216,h-,M216,1,6.4,4151,10,77,Mean,4155,109,376
1031,Slow,24,6C,h-,M210,h-/M210,h-/M216,h-,M216,2,6.4,4151,10,77,Mean,4194,2,754
1032,Slow,24,6C,h-,M210,h-/M210,h-/M216,h-,M216,3,6.4,4151,10,77,Mean,4198,0,363
1033,Slow,96,3B,h-,M216,h-/M216,h-/M210,h-,M210,1,3,2600,4,35,Mean,2617,58,233
1034,Slow,96,3B,h-,M216,h-/M216,h-/M210,h-,M210,2,3,2600,4,35,Mean,2627,30,257
1035,Slow,96,3B,h-,M216,h-/M216,h-/M210,h-,M210,3,3,2600,4,35,Mean,2668,84,260
1036,Slow,96,3C,h-,M216,h-/M216,h-/M210,h-,M210,1,6.4,4128,115,83,Mean,4169,90,58
1037,Slow,96,3C,h-,M216,h-/M216,h-/M210,h-,M210,2,6.4,4128,115,83,Mean,4174,70,69
1038,Slow,96,3C,h-,M216,h-/M216,h-/M210,h-,M210,3,6.4,4128,115,83,Mean,4179,58,45
1039,Slow,96,3D,h+,M210,h+/M210,h+/M216,h+,M216,1,6.4,4129,36,72,Mean,4159,42,73
1040,Slow,96,3D,h+,M210,h+/M210,h+/M216,h+,M216,2,6.4,4129,36,72,Mean,4186,130,115
1041,Slow,96,3D,h+,M210,h+/M210,h+/M216,h+,M216,3,6.4,4129,36,72,Mean,4199,192,31
1042,Slow,96,3E,h-,M210,h-/M210,h-/M216,h-,M216,1,3,2585,7,55,Mean,2625,546,121
1043,Slow,96,3E,h-,M210,h-/M210,h-/M216,h-,M216,2,3,2585,7,55,Mean,2633,59,16
1044,Slow,96,3E,h-,M210,h-/M210,h-/M216,h-,M216,3,3,2585,7,55,Mean,2657,574,312
1045,Slow,96,3F,h+,M216,h+/M216,h+/M210,h+,M210,1,3,2608,14,24,Mean,2681,97,1018
1046,Slow,96,3F,h+,M216,h+/M216,h+/M210,h+,M210,2,3,2608,14,24,Mean,2695,29,576
1047,Slow,96,3F,h+,M216,h+/M216,h+/M210,h+,M210,3,3,2608,14,24,Mean,2702,75,382
1048,Slow,96,3G,h+,M216,h+/M216,h+/M210,h+,M210,1,3,2609,32,31,Mean,2680,236,1065
1049,Slow,96,3G,h+,M216,h+/M216,h+/M210,h+,M210,2,3,2609,32,31,Mean,2696,53,593
1050,Slow,96,3G,h+,M216,h+/M216,h+/M210,h+,M210,3,3,2609,32,31,Mean,2703,5,332
1051,Slow,96,4B,h+,M216,h+/M216,h+/M210,h+,M210,1,6.4,4132,349,138,Mean,4162,26,29
1052,Slow,96,4B,h+,M216,h+/M216,h+/M210,h+,M210,2,6.4,4132,349,138,Mean,4196,5,154
1053,Slow,96,4B,h+,M216,h+/M216,h+/M210,h+,M210,3,6.4,4132,349,138,Mean,4211,38,98
1054,Slow,96,4D,h-,M210,h-/M210,h-/M216,h-,M216,1,3,2586,17,49,Mean,2620,101,59
1055,Slow,96,4D,h-,M210,h-/M210,h-/M216,h-,M216,2,3,2586,17,49,Mean,2649,200,80
1056,Slow,96,4D,h-,M210,h-/M210,h-/M216,h-,M216,3,3,2586,17,49,Mean,2660,252,261
1057,Slow,96,4E,h-,M210,h-/M210,h-/M216,h-,M216,1,3,2587,19,41,Mean,2647,423,291
1058,Slow,96,4E,h-,M210,h-/M210,h-/M216,h-,M216,2,3,2587,19,41,Mean,2658,456,330
1059,Slow,96,4E,h-,M210,h-/M210,h-/M216,h-,M216,3,3,2587,19,41,Mean,2673,229,7
1060,Slow,96,4G,h+,M210,h+/M210,h+/M216,h+,M216,1,6.4,4134,28,35,Mean,4157,156,124
1061,Slow,96,4G,h+,M210,h+/M210,h+/M216,h+,M216,2,6.4,4134,28,35,Mean,4176,501,189
1062,Slow,96,4G,h+,M210,h+/M210,h+/M216,h+,M216,3,6.4,4134,28,35,Mean,4191,284,186
1063,Slow,96,5B,h-,M216,h-/M216,h-/M210,h-,M210,1,6.4,4135,5,38,Mean,4178,47,27
1064,Slow,96,5B,h-,M216,h-/M216,h-/M210,h-,M210,2,6.4,4135,5,38,Mean,4181,13,51
1065,Slow,96,5B,h-,M216,h-/M216,h-/M210,h-,M210,3,6.4,4135,5,38,Mean,4209,65,131
1066,Slow,96,5C,h+,M210,h+/M210,h+/M216,h+,M216,1,3,2594,94,62,Mean,2631,487,180
1067,Slow,96,5C,h+,M210,h+/M210,h+/M216,h+,M216,2,3,2594,94,62,Mean,2632,291,63
1068,Slow,96,5C,h+,M210,h+/M210,h+/M216,h+,M216,3,3,2594,94,62,Mean,2666,198,58
1069,Slow,96,5D,h+,M216,h+/M216,h+/M210,h+,M210,1,6.4,4136,86,107,Mean,4158,140,28
1070,Slow,96,5D,h+,M216,h+/M216,h+/M210,h+,M210,2,6.4,4136,86,107,Mean,4166,30,86
1071,Slow,96,5D,h+,M216,h+/M216,h+/M210,h+,M210,3,6.4,4136,86,107,Mean,4183,238,277
1072,Slow,96,5E,h-,M216,h-/M216,h-/M210,h-,M210,1,3,2603,6,8,Mean,2656,253,335
1073,Slow,96,5E,h-,M216,h-/M216,h-/M210,h-,M210,2,3,2603,6,8,Mean,2659,97,208
1074,Slow,96,5E,h-,M216,h-/M216,h-/M210,h-,M210,3,3,2603,6,8,Mean,2669,60,374
1075,Slow,96,5F,h+,M210,h+/M210,h+/M216,h+,M216,1,3,2595,7,27,Mean,2635,167,9
1076,Slow,96,5F,h+,M210,h+/M210,h+/M216,h+,M216,2,3,2595,7,27,Mean,2637,439,45
1077,Slow,96,5F,h+,M210,h+/M210,h+/M216,h+,M216,3,3,2595,7,27,Mean,2671,145,154
1078,Slow,96,5G,h-,M210,h-/M210,h-/M216,h-,M216,1,6.4,4138,193,58,Mean,4170,284,114
1079,Slow,96,5G,h-,M210,h-/M210,h-/M216,h-,M216,2,6.4,4138,193,58,Mean,4189,345,89
1080,Slow,96,5G,h-,M210,h-/M210,h-/M216,h-,M216,3,6.4,4138,193,58,Mean,4193,187,54
